PRAGMA foreign_keys=OFF;
BEGIN TRANSACTION;
CREATE TABLE album (
    album_id INTEGER PRIMARY KEY,
    album_title VARCHAR(155) NOT NULL,
    release_date DATETIME NOT NULL,
    genre VARCHAR(155) NOT NULL
);
INSERT INTO album VALUES(1,'For Those About To Rock We Salute You',1981,'Rock');
INSERT INTO album VALUES(2,'Let There Be Rock',1977,'Rock');
INSERT INTO album VALUES(3,'Balls to the Wall',1984,'Rock');
INSERT INTO album VALUES(4,'Restless and Wild',1982,'Rock');
INSERT INTO album VALUES(5,'Big Ones',1994,'Rock');
INSERT INTO album VALUES(6,'Jagged Little Pill',1995,'Rock');
INSERT INTO album VALUES(7,'Facelift',2011,'Rock');
INSERT INTO album VALUES(8,'Back to Black',2006,'R&B/Soul');
INSERT INTO album VALUES(9,'Warner 25 Anos',1968,'Jazz');
INSERT INTO album VALUES(10,'Plays Metallica By Four Cellos',1995,'Metal');
INSERT INTO album VALUES(11,'Audioslave',2007,'Rock');
INSERT INTO album VALUES(12,'Out Of Exile',2005,'Alternative & Punk');
INSERT INTO album VALUES(13,'Alcohol Fueled Brewtality Live! [Disc 1]',2000,'Metal');
INSERT INTO album VALUES(14,'Alcohol Fueled Brewtality Live! [Disc 2]',2000,'Metal');
INSERT INTO album VALUES(15,'Black Sabbath',1968,'Metal');
INSERT INTO album VALUES(16,'Minha Historia',2008,'Latin');
INSERT INTO album VALUES(17,'Afrociberdelia',1994,'Latin');
INSERT INTO album VALUES(18,'Cidade Negra - Hits',1986,'Reggae');
INSERT INTO album VALUES(19,'Na Pista',2014,'Latin');
INSERT INTO album VALUES(20,'Deep Purple In Rock',1969,'Rock');
INSERT INTO album VALUES(21,'MK III The Final Concerts [Disc 1]',1975,'Rock');
INSERT INTO album VALUES(22,'Purpendicular',1995,'Rock');
INSERT INTO album VALUES(23,'Slaves And Masters',1990,'Rock');
INSERT INTO album VALUES(24,'Stormbringer',1961,'Rock');
INSERT INTO album VALUES(25,'The Battle Rages On',1992,'Rock');
INSERT INTO album VALUES(26,'The Final Concerts (Disc 2)',2006,'Rock');
INSERT INTO album VALUES(27,'Vault: Def Leppard''s Greatest Hits',1995,'Rock');
INSERT INTO album VALUES(28,'The Best of Ed Motta',1980,'Latin');
INSERT INTO album VALUES(29,'The Cream Of Clapton',1987,'Blues');
INSERT INTO album VALUES(30,'In Your Honor [Disc 1]',2005,'Rock');
INSERT INTO album VALUES(31,'In Your Honor [Disc 2]',2005,'Rock');
INSERT INTO album VALUES(32,'The Colour And The Shape',1996,'Rock');
INSERT INTO album VALUES(33,'Bongo Fury',1975,'Rock');
INSERT INTO album VALUES(34,'As Canções de Eu Tu Eles',2000,'Soundtrack');
INSERT INTO album VALUES(35,'Quanta Gente Veio Ver (Live)',1998,'Latin');
INSERT INTO album VALUES(36,'American Idiot',2004,'Alternative & Punk');
INSERT INTO album VALUES(37,'International Superhits',2001,'Alternative & Punk');
INSERT INTO album VALUES(38,'House of Pain',2011,'Hip Hop/Rap');
INSERT INTO album VALUES(39,'Blue Moods',1955,'Jazz');
INSERT INTO album VALUES(40,'Live After Death',1985,'Metal');
INSERT INTO album VALUES(41,'Live After Death',1985,'Heavy Metal');
INSERT INTO album VALUES(42,'Live At Donington 1992 (Disc 1)',1992,'Rock');
INSERT INTO album VALUES(43,'Piece Of Mind',1983,'Metal');
INSERT INTO album VALUES(44,'Powerslave',1984,'Metal');
INSERT INTO album VALUES(45,'Rock In Rio [CD1]',1983,'Metal');
INSERT INTO album VALUES(46,'Rock In Rio [CD2]',1983,'Rock');
INSERT INTO album VALUES(47,'Rock In Rio [CD2]',1983,'Metal');
INSERT INTO album VALUES(48,'Seventh Son of a Seventh Son',1988,'Metal');
INSERT INTO album VALUES(49,'The X Factor',2005,'Rock');
INSERT INTO album VALUES(50,'Get Born',2003,'Alternative & Punk');
INSERT INTO album VALUES(51,'Emergency On Planet Earth',1993,'Rock');
INSERT INTO album VALUES(52,'Synkronized',1999,'R&B/Soul');
INSERT INTO album VALUES(53,'The Return Of The Space Cowboy',1994,'Electronica/Dance');
INSERT INTO album VALUES(54,'Are You Experienced?',1966,'Rock');
INSERT INTO album VALUES(55,'Living After Midnight',1980,'Metal');
INSERT INTO album VALUES(56,'Greatest Kiss',1997,'Rock');
INSERT INTO album VALUES(57,'Unplugged [Live]',1994,'Rock');
INSERT INTO album VALUES(58,'BBC Sessions [Disc 1] [Live]',1969,'Rock');
INSERT INTO album VALUES(59,'BBC Sessions [Disc 2] [Live]',1969,'Rock');
INSERT INTO album VALUES(60,'Houses Of The Holy',1973,'Rock');
INSERT INTO album VALUES(61,'In Through The Out Door',1978,'Rock');
INSERT INTO album VALUES(62,'Led Zeppelin I',1969,'Rock');
INSERT INTO album VALUES(63,'Led Zeppelin II',1969,'Rock');
INSERT INTO album VALUES(64,'Led Zeppelin III',1970,'Rock');
INSERT INTO album VALUES(65,'Physical Graffiti [Disc 1]',1975,'Rock');
INSERT INTO album VALUES(66,'Physical Graffiti [Disc 2]',1975,'Rock');
INSERT INTO album VALUES(67,'Mais Do Mesmo',1998,'Latin');
INSERT INTO album VALUES(68,'Misplaced Childhood',1985,'Rock');
INSERT INTO album VALUES(69,'The Best Of Men At Work',1981,'Rock');
INSERT INTO album VALUES(70,'Garage Inc. (Disc 1)',1998,'Metal');
INSERT INTO album VALUES(71,'Garage Inc. (Disc 2)',1998,'Metal');
INSERT INTO album VALUES(72,'Kill ''Em All',1988,'Metal');
INSERT INTO album VALUES(73,'Master Of Puppets',1986,'Metal');
INSERT INTO album VALUES(74,'Ride The Lightning',2012,'Metal');
INSERT INTO album VALUES(75,'Miles Ahead',1957,'Jazz');
INSERT INTO album VALUES(76,'Motley Crue Greatest Hits',1998,'Metal');
INSERT INTO album VALUES(77,'From The Muddy Banks Of The Wishkah [Live]',1996,'Rock');
INSERT INTO album VALUES(78,'Nevermind',1991,'Rock');
INSERT INTO album VALUES(79,'Olodum',1979,'Latin');
INSERT INTO album VALUES(80,'Minha História',2008,'Alternative & Punk');
INSERT INTO album VALUES(81,'Arquivo Os Paralamas Do Sucesso',1982,'Latin');
INSERT INTO album VALUES(82,'Bark at the Moon (Remastered)',1995,'Rock');
INSERT INTO album VALUES(83,'Blizzard of Ozz',1980,'Rock');
INSERT INTO album VALUES(84,'Walking Into Clarksdale',2007,'Rock');
INSERT INTO album VALUES(85,'Live On Two Legs [Live]',1998,'Rock');
INSERT INTO album VALUES(86,'Koyaanisqatsi (Soundtrack from the Motion Picture)',2009,'Soundtrack');
INSERT INTO album VALUES(87,'The Best Of R.E.M.: The IRS Years',1982,'Alternative & Punk');
INSERT INTO album VALUES(88,'Blood Sugar Sex Magik',1992,'Alternative & Punk');
INSERT INTO album VALUES(89,'By The Way',2002,'Rock');
INSERT INTO album VALUES(90,'Retrospective I (1974-1980)',1974,'Rock');
INSERT INTO album VALUES(91,'Santana - As Years Go By',1966,'Rock');
INSERT INTO album VALUES(92,'Santana Live',1967,'Rock');
INSERT INTO album VALUES(93,'Rotten Apples: Greatest Hits',2001,'Alternative & Punk');
INSERT INTO album VALUES(94,'Heart of the Night',1996,'Jazz');
INSERT INTO album VALUES(95,'Morning Dance',1979,'Jazz');
INSERT INTO album VALUES(96,'Temple of the Dog',1991,'Alternative');
INSERT INTO album VALUES(97,'South American Getaway',1972,'Classical');
INSERT INTO album VALUES(98,'Live [Disc 1]',1987,'Blues');
INSERT INTO album VALUES(99,'Live [Disc 2]',2001,'Blues');
INSERT INTO album VALUES(100,'The Doors',1965,'Rock');
INSERT INTO album VALUES(101,'No Security',1998,'Rock');
INSERT INTO album VALUES(102,'Achtung Baby',1991,'Rock');
INSERT INTO album VALUES(103,'All That You Can''t Leave Behind',2000,'Rock');
INSERT INTO album VALUES(104,'How To Dismantle An Atomic Bomb',2004,'Rock');
INSERT INTO album VALUES(105,'Zooropa',1993,'Rock');
INSERT INTO album VALUES(106,'UB40 The Best Of - Volume Two [UK]',1978,'Reggae');
INSERT INTO album VALUES(107,'Van Halen',1974,'Rock');
INSERT INTO album VALUES(108,'Van Halen III',1998,'Rock');
CREATE TABLE person (
   card_number CHAR(36) PRIMARY KEY, -- UUID field
   email VARCHAR(155) UNIQUE,
   first_name VARCHAR(155) NOT NULL,
   last_name VARCHAR(155) NOT NULL,
   activation_date TIMESTAMP NOT NULL
);
INSERT INTO person VALUES('18108a24-4eac-498d-a2d3-4dc4cccf405a','jasonmorris5660@gmail.com','Jason','Morris','2017-10-24 21:08:23');
INSERT INTO person VALUES('01058b26-0495-437b-acdf-85fbe51e962f','adamcarroll9740@gmail.com','Adam','Carroll','2017-06-25 16:51:11');
INSERT INTO person VALUES('6fe2aea2-390b-45d7-9b52-dcba064bdf90','audreyrobinson7457@gmail.com','Audrey','Robinson','2018-03-11 14:07:30');
INSERT INTO person VALUES('dfe33b55-24ab-4644-83c6-610d7c7ef212','sarahjohns1720@gmail.com','Sarah','Johns','2017-07-05 05:27:26');
INSERT INTO person VALUES('77171efa-b91e-4fd0-9c58-98c9aca06b13','morganparsons7557@gmail.com','Morgan','Parsons','2017-08-11 18:21:24');
INSERT INTO person VALUES('7c8ebfa8-f08b-4c56-ac77-ef3879170404','tiffanymckee2488@gmail.com','Tiffany','Mckee','2017-09-23 22:52:44');
INSERT INTO person VALUES('a57fb489-4f93-40a4-bd12-b9a18ba66cfc','keitharmstrong7926@gmail.com','Keith','Armstrong','2017-07-13 23:18:28');
INSERT INTO person VALUES('3c93058f-4c82-49b9-bb0e-f1c39c31176a','lucaslee9066@gmail.com','Lucas','Lee','2018-02-22 23:35:51');
INSERT INTO person VALUES('0a0a924b-a1e6-468a-8d65-e4f2447d02d9','glenduncan2420@gmail.com','Glen','Duncan','2017-11-05 11:07:09');
INSERT INTO person VALUES('e3766cee-df9c-4903-aee1-0b79a9be5b11','danajohnson2451@gmail.com','Dana','Johnson','2018-02-16 18:39:14');
INSERT INTO person VALUES('fc1e328e-8738-4195-9734-add11bbcec14','sarahlong6375@gmail.com','Sarah','Long','2017-12-15 16:34:47');
INSERT INTO person VALUES('9911dcbc-de43-436d-ae55-42465fd23b8d','angelahoover2715@gmail.com','Angela','Hoover','2017-03-31 06:22:21');
INSERT INTO person VALUES('1cc66d38-3b06-4c61-9181-2a43842d9462','caseyhuang108@gmail.com','Casey','Huang','2017-07-26 16:38:56');
INSERT INTO person VALUES('7b2c4d3d-434c-4be3-9ce5-ec59c56e143b','conniebenjamin189@gmail.com','Connie','Benjamin','2017-07-15 15:49:19');
INSERT INTO person VALUES('148146f2-0fca-42f7-8223-f780bbd7ae29','lisaelliott727@gmail.com','Lisa','Elliott','2018-03-15 00:31:48');
INSERT INTO person VALUES('242777f2-c486-4f7f-a582-fbac4064dc2c','conniestewart4679@gmail.com','Connie','Stewart','2017-10-06 23:00:34');
INSERT INTO person VALUES('f605a2db-6ee1-452e-a0a2-64dcdaf6c1bd','jacobsmith1209@gmail.com','Jacob','Smith','2017-10-13 16:18:25');
INSERT INTO person VALUES('53df1200-64a0-45a1-b008-f06532d7d87d','marialeach1177@gmail.com','Maria','Leach','2017-10-08 14:06:08');
INSERT INTO person VALUES('3bea55d7-9e48-47fe-a978-6bd42c173fb4','kristinhill7090@gmail.com','Kristin','Hill','2018-01-11 21:32:59');
INSERT INTO person VALUES('13c2e9b5-7bb2-41a6-b96e-9d28a1ab099c','duanehaynes1734@gmail.com','Duane','Haynes','2017-10-02 16:43:04');
INSERT INTO person VALUES('113d80b5-35e8-406a-99f9-1b79346de2c9','yolandaferguson4896@gmail.com','Yolanda','Ferguson','2017-10-21 07:36:06');
INSERT INTO person VALUES('5bdb012a-f823-4c8b-83e8-60c36c61743b','jamiefitzgerald5958@gmail.com','Jamie','Fitzgerald','2017-05-23 07:28:36');
INSERT INTO person VALUES('acbb6237-ea05-4e35-9cf8-b5f29bdebba5','paulapena1564@gmail.com','Paula','Pena','2017-10-21 09:29:41');
INSERT INTO person VALUES('538f8725-4467-48c6-be5b-76b06f9ce228','jenniferadams6728@gmail.com','Jennifer','Adams','2017-04-18 04:19:45');
INSERT INTO person VALUES('f51c34dd-ee6b-4579-be71-ffbe02817bf1','rickreed1161@gmail.com','Rick','Reed','2017-03-27 04:00:44');
INSERT INTO person VALUES('14f97842-e610-4a7d-99c1-efd727ea2b7b','katrinagomez1546@gmail.com','Katrina','Gomez','2018-01-14 20:27:46');
INSERT INTO person VALUES('e2385af0-f19a-4f6c-846d-a1d52e48ecac','jerryhines5933@gmail.com','Jerry','Hines','2017-07-13 02:51:32');
INSERT INTO person VALUES('fde0f738-89e5-4a45-bbe0-4acef21c9596','jeremiahjohnson1970@gmail.com','Jeremiah','Johnson','2018-03-04 11:25:25');
INSERT INTO person VALUES('a07a511d-f6df-45ea-8c85-16c16a124ccc','gabrielrobinson328@gmail.com','Gabriel','Robinson','2018-02-01 22:21:57');
INSERT INTO person VALUES('297178d1-1909-4c94-bcc8-6df4790dfeb4','meganjohnson7462@gmail.com','Megan','Johnson','2017-05-17 03:01:06');
INSERT INTO person VALUES('2e2ebe74-6673-4276-971f-26e68248a01b','brandonstephens786@gmail.com','Brandon','Stephens','2018-02-11 16:51:10');
INSERT INTO person VALUES('3347db54-b16e-47fb-bbe1-2d75fccaa614','elizabethdavenport9788@gmail.com','Elizabeth','Davenport','2017-12-20 23:31:16');
INSERT INTO person VALUES('dc108b34-fa2b-4a4a-b5f4-6481b890f0c3','michaelhenson7420@gmail.com','Michael','Henson','2017-06-16 19:44:35');
INSERT INTO person VALUES('ca4069ab-5936-4564-a2cf-8c74495bfd3a','scotthoward459@gmail.com','Scott','Howard','2017-09-29 19:29:04');
INSERT INTO person VALUES('fb352f96-aa70-4b4a-89cd-c294c35b0adf','stevenlewis6272@gmail.com','Steven','Lewis','2018-01-30 21:23:11');
INSERT INTO person VALUES('ae3f6795-29ae-4a00-8af5-625d4d1572da','rachelmeyer6498@gmail.com','Rachel','Meyer','2018-02-27 16:30:48');
INSERT INTO person VALUES('2b856e48-2cfa-47b5-b22e-95880f85e80d','georgesmith594@gmail.com','George','Smith','2017-12-03 19:50:54');
INSERT INTO person VALUES('f3b533e4-4781-4068-9a95-c12dfeefd9a0','christophermartinez5744@gmail.com','Christopher','Martinez','2017-08-28 22:35:24');
INSERT INTO person VALUES('bc3f96b7-50f6-4c95-8f0f-3a4669eaa520','andrewhart8235@gmail.com','Andrew','Hart','2017-04-24 14:26:29');
INSERT INTO person VALUES('986e8888-b3a6-4758-ab12-d3d5884dd96d','susanstone9237@gmail.com','Susan','Stone','2017-12-11 17:56:21');
INSERT INTO person VALUES('3b3068ad-026e-496c-a64e-0b2531d47f90','danielsmith279@gmail.com','Daniel','Smith','2017-10-19 22:05:06');
INSERT INTO person VALUES('284388ff-f6d6-417e-b8de-be17cd8c909c','dwaynemartinez8864@gmail.com','Dwayne','Martinez','2017-09-02 23:24:10');
INSERT INTO person VALUES('db9b0000-4c45-4a7a-bb9d-01e243ce8c5a','heatheranderson2108@gmail.com','Heather','Anderson','2017-06-08 08:58:49');
INSERT INTO person VALUES('33916366-8829-4d9d-9879-fe2a9f7040ce','andrewprice8676@gmail.com','Andrew','Price','2017-09-20 02:12:12');
INSERT INTO person VALUES('06a4979e-53b4-4c1f-9499-bda32248293c','scotttrujillo2196@gmail.com','Scott','Trujillo','2017-05-28 21:32:48');
INSERT INTO person VALUES('d48a037a-d4fa-40d0-a2d3-b8a4768494b3','karenparker4725@gmail.com','Karen','Parker','2018-02-27 13:07:33');
INSERT INTO person VALUES('b405bc10-b3f8-40c7-a5a1-b9b6b48e5cea','dr.sarah6487@gmail.com','Dr.','Sarah','2017-08-12 20:01:07');
INSERT INTO person VALUES('4f949d6e-9403-4aba-b72a-5b7bc40c9fec','thomasreed4325@gmail.com','Thomas','Reed','2017-04-04 19:50:58');
INSERT INTO person VALUES('fe92cbe1-3048-4317-bbe4-64d80489a36a','josephtaylor4329@gmail.com','Joseph','Taylor','2018-03-05 08:19:20');
INSERT INTO person VALUES('bda1d6fe-8f5a-42dc-b1da-559109f46fea','jessicafritz186@gmail.com','Jessica','Fritz','2018-03-08 16:35:21');
INSERT INTO person VALUES('db2b56a2-acf2-4736-92d8-0495168adea1','gabrielbarrett6861@gmail.com','Gabriel','Barrett','2018-03-12 11:28:59');
INSERT INTO person VALUES('36fcd2ea-3c28-4e3e-9381-aca6e4ccbfd1','tylerlane9488@gmail.com','Tyler','Lane','2017-06-20 19:52:49');
INSERT INTO person VALUES('d3bd202f-ac01-45d8-b01c-cf8c8dff167c','jeffbecker8818@gmail.com','Jeff','Becker','2018-03-18 01:30:56');
INSERT INTO person VALUES('43c836a8-7912-4c00-844a-7d7c52d8b413','taramurillo9380@gmail.com','Tara','Murillo','2017-12-31 13:50:43');
INSERT INTO person VALUES('e636d0b8-d433-4a75-affb-4d36bdc2a890','sethrogers9072@gmail.com','Seth','Rogers','2017-04-18 13:33:00');
INSERT INTO person VALUES('1b9d1c2e-be6d-48bc-8483-c8df7a6c4a2e','edwardfoster3719@gmail.com','Edward','Foster','2017-06-10 04:08:19');
INSERT INTO person VALUES('63ef010a-3b87-483d-ac6f-ffacd11f6225','tracylee4051@gmail.com','Tracy','Lee','2017-09-26 02:51:38');
INSERT INTO person VALUES('85b56adb-bc15-44c0-a9a6-974a46eaff51','robertcross4567@gmail.com','Robert','Cross','2017-09-29 05:59:07');
INSERT INTO person VALUES('13885fa8-fada-460e-8c88-c708a5052070','kimberlykelly7973@gmail.com','Kimberly','Kelly','2017-06-12 01:11:19');
INSERT INTO person VALUES('16660d26-fedc-45d9-9b5f-ea980bd050da','aaronjenkins510@gmail.com','Aaron','Jenkins','2017-12-14 05:23:19');
INSERT INTO person VALUES('6942deb1-4fb2-4129-a9b1-542849d03a45','andrealeblanc9876@gmail.com','Andrea','Leblanc','2017-08-17 00:20:45');
INSERT INTO person VALUES('77762b52-ad71-4ba2-b853-a227910bddca','mollyaguilar7447@gmail.com','Molly','Aguilar','2018-01-09 18:38:50');
INSERT INTO person VALUES('3958dd4d-ad65-470c-a90f-cae5f83d41a8','adampope939@gmail.com','Adam','Pope','2017-06-03 05:27:07');
INSERT INTO person VALUES('4e23bbbe-0dbb-4948-b427-b0413e306b1b','larrysaunders1993@gmail.com','Larry','Saunders','2017-11-14 00:40:04');
INSERT INTO person VALUES('fb7b4560-69ec-4c91-9c4f-955233d73308','mrs.leslie4614@gmail.com','Mrs.','Leslie','2017-07-28 22:42:08');
INSERT INTO person VALUES('7eddeba0-c2cc-4d7a-a1b1-7248c9dbda63','shannonmalone3385@gmail.com','Shannon','Malone','2018-02-14 22:20:14');
INSERT INTO person VALUES('aa108b02-ca03-473e-966e-974306e4424e','shirleyzhang7670@gmail.com','Shirley','Zhang','2018-03-07 04:16:34');
INSERT INTO person VALUES('81360dcd-912f-4ede-b6c3-65a493018923','amandavelasquez4934@gmail.com','Amanda','Velasquez','2017-05-17 16:41:18');
INSERT INTO person VALUES('9e4405d4-523a-4437-98cd-92b5d4509f51','kennethbaker2448@gmail.com','Kenneth','Baker','2017-03-30 13:03:31');
INSERT INTO person VALUES('ab68d48f-f010-4431-b5ba-adf10a7a5755','veronicajohnson2238@gmail.com','Veronica','Johnson','2017-05-30 15:00:58');
INSERT INTO person VALUES('07c6ac4b-652e-4d59-a906-60e690cf0635','makaylanguyen1885@gmail.com','Makayla','Nguyen','2018-03-02 23:57:38');
INSERT INTO person VALUES('1fa67a2f-c5c8-4428-8ed0-0aaf29a10fe1','dawncarson7639@gmail.com','Dawn','Carson','2018-03-13 18:22:55');
INSERT INTO person VALUES('c0bb92d4-a285-4799-bcbd-2a7bd6b77f81','robertevans8720@gmail.com','Robert','Evans','2017-07-01 07:42:12');
INSERT INTO person VALUES('1dc709fe-34d3-4111-92aa-135051601105','keithstewart1273@gmail.com','Keith','Stewart','2018-03-01 09:48:30');
INSERT INTO person VALUES('89d9a005-3feb-4364-842e-55bfadbe83fd','michaelrussell4704@gmail.com','Michael','Russell','2017-04-21 02:24:26');
INSERT INTO person VALUES('fdb627b1-23f4-4d43-8492-e5a5780d66fb','derekstokes6810@gmail.com','Derek','Stokes','2018-01-22 21:18:14');
INSERT INTO person VALUES('36b91937-8b88-4198-a543-3d728c0e73eb','davidpeterson4806@gmail.com','David','Peterson','2017-11-10 08:14:40');
INSERT INTO person VALUES('534b852c-f0fd-4b21-a0c3-087741490e24','lisablair5730@gmail.com','Lisa','Blair','2017-07-24 23:07:24');
INSERT INTO person VALUES('2a7155cb-13e3-43b0-827a-985053efbd6d','phillipmacias6945@gmail.com','Phillip','Macias','2017-11-25 23:00:59');
INSERT INTO person VALUES('f095a1d3-17e3-4e76-814d-09b28454accc','aaronparker6425@gmail.com','Aaron','Parker','2017-09-20 17:51:28');
INSERT INTO person VALUES('23063297-d5d9-44e8-a70a-77d686adae30','peggyhammond2088@gmail.com','Peggy','Hammond','2017-09-28 00:34:44');
INSERT INTO person VALUES('81a5c8de-442c-4bef-9349-8d9ba44e60d2','jeremybenton3626@gmail.com','Jeremy','Benton','2018-02-13 00:32:42');
INSERT INTO person VALUES('4d6ec950-d535-4add-8ef5-12269e294a1e','anthonygallagher6821@gmail.com','Anthony','Gallagher','2017-08-20 22:26:06');
INSERT INTO person VALUES('1bfd1110-4fa8-42a9-b8a2-942391ee7647','sarahwilliams4610@gmail.com','Sarah','Williams','2017-08-29 06:59:03');
INSERT INTO person VALUES('1442904c-4004-4ae0-b4c5-60d772a760a6','tonyalvarez3748@gmail.com','Tony','Alvarez','2017-07-05 17:36:58');
INSERT INTO person VALUES('8a570fa1-5b4d-4d37-9b34-b09af39f92b7','aarongregory1470@gmail.com','Aaron','Gregory','2017-11-19 07:20:27');
INSERT INTO person VALUES('63cbbfa5-bbc8-40be-884f-dbd73898c416','robertpowers7339@gmail.com','Robert','Powers','2017-11-13 09:02:11');
INSERT INTO person VALUES('39f4a0c5-def8-44a0-bd22-d6a6635315c6','ryanhurley6@gmail.com','Ryan','Hurley','2018-01-08 13:38:22');
INSERT INTO person VALUES('a2b4820f-ed37-4e2a-ace5-66ce36d74f86','christopherchan5279@gmail.com','Christopher','Chan','2017-10-27 22:47:38');
INSERT INTO person VALUES('18f22268-f064-4b66-9f76-1b543340783a','jamesedwards6296@gmail.com','James','Edwards','2017-11-14 10:34:47');
INSERT INTO person VALUES('65b6fa47-1c54-416c-a856-887088d75ec7','jerrybanks2536@gmail.com','Jerry','Banks','2017-11-01 00:42:13');
INSERT INTO person VALUES('0fdc3048-2731-48e3-964b-4dc249d7cda2','andrewmurphy9048@gmail.com','Andrew','Murphy','2017-05-21 16:04:03');
INSERT INTO person VALUES('b31f2bfb-4762-44fe-ae32-1274d52ad443','christinepowell9285@gmail.com','Christine','Powell','2017-11-27 17:15:56');
INSERT INTO person VALUES('202d3cfa-939a-4a35-9902-07f437b20d7c','christinamason9152@gmail.com','Christina','Mason','2017-11-26 02:07:18');
INSERT INTO person VALUES('08519e5d-3a83-467b-8fa0-8d72fabc7111','kellyrichards435@gmail.com','Kelly','Richards','2017-07-06 00:21:37');
INSERT INTO person VALUES('1b1973ef-c167-422d-a5bf-a50bc7597d5d','petergardner5018@gmail.com','Peter','Gardner','2018-03-18 02:35:44');
INSERT INTO person VALUES('c1857480-118d-45dc-908e-894f035194f7','derekphelps2927@gmail.com','Derek','Phelps','2017-04-29 04:37:26');
INSERT INTO person VALUES('b489291f-a3b5-4c48-8f85-7fcbce83729a','pamelasullivan3075@gmail.com','Pamela','Sullivan','2017-10-24 17:32:20');
INSERT INTO person VALUES('6bbcb7df-5154-4d36-b1a6-780052e34bcf','lindawhite5425@gmail.com','Linda','White','2017-09-06 07:10:08');
INSERT INTO person VALUES('f5893226-f279-48d0-a1c5-7f1aae685f62','johnnywilliams4735@gmail.com','Johnny','Williams','2017-04-21 21:57:45');
CREATE TABLE artist (
    artist_id INTEGER PRIMARY KEY,
    name VARCHAR(155) NOT NULL
);
INSERT INTO artist VALUES(1,'AC/DC');
INSERT INTO artist VALUES(2,'Accept');
INSERT INTO artist VALUES(3,'Aerosmith');
INSERT INTO artist VALUES(4,'Alanis Morissette');
INSERT INTO artist VALUES(5,'Alice In Chains');
INSERT INTO artist VALUES(6,'Amy Winehouse');
INSERT INTO artist VALUES(7,'Antônio Carlos Jobim');
INSERT INTO artist VALUES(8,'Apocalyptica');
INSERT INTO artist VALUES(9,'Audioslave');
INSERT INTO artist VALUES(10,'Black Label Society');
INSERT INTO artist VALUES(11,'Black Sabbath');
INSERT INTO artist VALUES(12,'Chico Buarque');
INSERT INTO artist VALUES(13,'Chico Science & Nação Zumbi');
INSERT INTO artist VALUES(14,'Cidade Negra');
INSERT INTO artist VALUES(15,'Cláudio Zoli');
INSERT INTO artist VALUES(16,'Deep Purple');
INSERT INTO artist VALUES(17,'Def Leppard');
INSERT INTO artist VALUES(18,'Ed Motta');
INSERT INTO artist VALUES(19,'Eric Clapton');
INSERT INTO artist VALUES(20,'Foo Fighters');
INSERT INTO artist VALUES(21,'Frank Zappa & Captain Beefheart');
INSERT INTO artist VALUES(22,'Gilberto Gil');
INSERT INTO artist VALUES(23,'Green Day');
INSERT INTO artist VALUES(24,'House Of Pain');
INSERT INTO artist VALUES(25,'Incognito');
INSERT INTO artist VALUES(26,'Iron Maiden');
INSERT INTO artist VALUES(27,'JET');
INSERT INTO artist VALUES(28,'Jamiroquai');
INSERT INTO artist VALUES(29,'Jimi Hendrix');
INSERT INTO artist VALUES(30,'Judas Priest');
INSERT INTO artist VALUES(31,'Kiss');
INSERT INTO artist VALUES(32,'Led Zeppelin');
INSERT INTO artist VALUES(33,'Legião Urbana');
INSERT INTO artist VALUES(34,'Marillion');
INSERT INTO artist VALUES(35,'Men At Work');
INSERT INTO artist VALUES(36,'Metallica');
INSERT INTO artist VALUES(37,'Miles Davis');
INSERT INTO artist VALUES(38,'Mötley Crüe');
INSERT INTO artist VALUES(39,'Nirvana');
INSERT INTO artist VALUES(40,'Olodum');
INSERT INTO artist VALUES(41,'Os Mutantes');
INSERT INTO artist VALUES(42,'Os Paralamas Do Sucesso');
INSERT INTO artist VALUES(43,'Ozzy Osbourne');
INSERT INTO artist VALUES(44,'Page & Plant');
INSERT INTO artist VALUES(45,'Pearl Jam');
INSERT INTO artist VALUES(46,'Philip Glass Ensemble');
INSERT INTO artist VALUES(47,'R.E.M.');
INSERT INTO artist VALUES(48,'Red Hot Chili Peppers');
INSERT INTO artist VALUES(49,'Rush');
INSERT INTO artist VALUES(50,'Santana');
INSERT INTO artist VALUES(51,'Smashing Pumpkins');
INSERT INTO artist VALUES(52,'Spyro Gyra');
INSERT INTO artist VALUES(53,'Temple of the Dog');
INSERT INTO artist VALUES(54,'The 12 Cellists of The Berlin Philharmonic');
INSERT INTO artist VALUES(55,'The Black Crowes');
INSERT INTO artist VALUES(56,'The Doors');
INSERT INTO artist VALUES(57,'The Rolling Stones');
INSERT INTO artist VALUES(58,'U2');
INSERT INTO artist VALUES(59,'UB40');
INSERT INTO artist VALUES(60,'Van Halen');
CREATE TABLE track (
    title VARCHAR(155) NOT NULL,
    album_id REFERENCES album(album_id) NOT NULL,
    number SMALLINT,
    length REAL NOT NULL,
    artist_id REFERENCES artist(artist_id) NOT NULL, size_bytes BIGINT,
    PRIMARY KEY(title, album_id)
);
INSERT INTO track VALUES('Breaking The Rules',1,NULL,4.3799999999999998934,1,8596840);
INSERT INTO track VALUES('C.O.D.',1,NULL,3.3100000000000000532,1,6566314);
INSERT INTO track VALUES('Evil Walks',1,NULL,4.3799999999999998934,1,8611245);
INSERT INTO track VALUES('For Those About To Rock (We Salute You)',1,NULL,5.7099999999999999644,1,11170334);
INSERT INTO track VALUES('Inject The Venom',1,NULL,3.5,1,6852860);
INSERT INTO track VALUES('Let''s Get It Up',1,NULL,3.8799999999999998934,1,7636561);
INSERT INTO track VALUES('Night Of The Long Knives',1,NULL,3.4100000000000001421,1,6706347);
INSERT INTO track VALUES('Put The Finger On You',1,NULL,3.4100000000000001421,1,6713451);
INSERT INTO track VALUES('Snowballed',1,NULL,3.3799999999999998934,1,6599424);
INSERT INTO track VALUES('Spellbound',1,NULL,4.5,1,8817038);
INSERT INTO track VALUES('Bad Boy Boogie',2,NULL,4.4500000000000001776,1,8776140);
INSERT INTO track VALUES('Dog Eat Dog',2,NULL,3.580000000000000071,1,7032162);
INSERT INTO track VALUES('Go Down',2,NULL,5.5099999999999997868,1,10847611);
INSERT INTO track VALUES('Hell Ain''t A Bad Place To Be',2,NULL,4.2300000000000004263,1,8331286);
INSERT INTO track VALUES('Let There Be Rock',2,NULL,6.0999999999999996447,1,12021261);
INSERT INTO track VALUES('Overdose',2,NULL,6.1500000000000003552,1,12066294);
INSERT INTO track VALUES('Problem Child',2,NULL,5.4100000000000001421,1,10617116);
INSERT INTO track VALUES('Whole Lotta Rosie',2,NULL,5.3799999999999998934,1,10547154);
INSERT INTO track VALUES('Balls to the Wall',3,NULL,5.7000000000000001776,2,5510424);
INSERT INTO track VALUES('Fast As a Shark',4,NULL,3.830000000000000071,2,3990994);
INSERT INTO track VALUES('Princess of the Dawn',4,NULL,6.25,2,6290521);
INSERT INTO track VALUES('Restless and Wild',4,NULL,4.2000000000000001776,2,4331779);
INSERT INTO track VALUES('Amazing',5,NULL,5.9299999999999997157,3,11616195);
INSERT INTO track VALUES('Angel',5,NULL,5.1100000000000003197,3,9989331);
INSERT INTO track VALUES('Blind Man',5,NULL,4.0,3,7877453);
INSERT INTO track VALUES('Crazy',5,NULL,5.2599999999999997868,3,10402398);
INSERT INTO track VALUES('Cryin''',5,NULL,5.1500000000000003552,3,10056995);
INSERT INTO track VALUES('Deuces Are Wild',5,NULL,3.580000000000000071,3,7074167);
INSERT INTO track VALUES('Dude (Looks Like A Lady)',5,NULL,4.4000000000000003552,3,8679940);
INSERT INTO track VALUES('Eat The Rich',5,NULL,4.1799999999999997157,3,8262039);
INSERT INTO track VALUES('Janie''s Got A Gun',5,NULL,5.5,3,10869391);
INSERT INTO track VALUES('Livin'' On The Edge',5,NULL,6.3499999999999996447,3,12374569);
INSERT INTO track VALUES('Love In An Elevator',5,NULL,5.3499999999999996447,3,10552051);
INSERT INTO track VALUES('Rag Doll',5,NULL,4.4000000000000003552,3,8675345);
INSERT INTO track VALUES('The Other Side',5,NULL,4.0599999999999996092,3,7983270);
INSERT INTO track VALUES('Walk On Water',5,NULL,4.9100000000000001421,3,9719579);
INSERT INTO track VALUES('What It Takes',5,NULL,5.1600000000000001421,3,10144730);
INSERT INTO track VALUES('All I Really Want',6,NULL,4.7300000000000004263,4,9375567);
INSERT INTO track VALUES('Forgiven',6,NULL,5.0,4,9753256);
INSERT INTO track VALUES('Hand In My Pocket',6,NULL,3.6800000000000001598,4,7224246);
INSERT INTO track VALUES('Head Over Feet',6,NULL,4.4500000000000001776,4,8758008);
INSERT INTO track VALUES('Ironic',6,NULL,3.8100000000000000532,4,7598866);
INSERT INTO track VALUES('Mary Jane',6,NULL,4.6600000000000001421,4,9163588);
INSERT INTO track VALUES('Not The Doctor',6,NULL,3.7799999999999998046,4,7604601);
INSERT INTO track VALUES('Perfect',6,NULL,3.1299999999999998934,4,6145404);
INSERT INTO track VALUES('Right Through You',6,NULL,2.9300000000000001598,4,5793082);
INSERT INTO track VALUES('Wake Up',6,NULL,4.8799999999999998934,4,9703359);
INSERT INTO track VALUES('You Learn',6,NULL,3.9799999999999999822,4,7824837);
INSERT INTO track VALUES('You Oughta Know',6,NULL,4.1500000000000003552,4,8196916);
INSERT INTO track VALUES('You Oughta Know (Alternate)',6,NULL,8.1799999999999997157,4,16008629);
INSERT INTO track VALUES('Bleed The Freak',7,NULL,4.0099999999999997868,5,7847716);
INSERT INTO track VALUES('Confusion',7,NULL,5.7300000000000004263,5,11183647);
INSERT INTO track VALUES('I Can''t Remember',7,NULL,3.7000000000000001776,5,7302550);
INSERT INTO track VALUES('I Know Somethin (Bout You)',7,NULL,4.3399999999999998578,5,8497788);
INSERT INTO track VALUES('It Ain''t Like That',7,NULL,4.6100000000000003197,5,8993793);
INSERT INTO track VALUES('Man In The Box',7,NULL,4.7599999999999997868,5,9310272);
INSERT INTO track VALUES('Put You Down',7,NULL,3.2599999999999997868,5,6420530);
INSERT INTO track VALUES('Real Thing',7,NULL,4.0499999999999998223,5,7937731);
INSERT INTO track VALUES('Sea Of Sorrow',7,NULL,5.8099999999999996092,5,11316328);
INSERT INTO track VALUES('Sunshine',7,NULL,4.7300000000000004263,5,9216057);
INSERT INTO track VALUES('We Die Young',7,NULL,2.5299999999999998046,5,4925362);
INSERT INTO track VALUES('Back to Black',8,NULL,4.0,6,3852953);
INSERT INTO track VALUES('He Can Only Hold Her',8,NULL,2.7599999999999997868,6,2666531);
INSERT INTO track VALUES('Just Friends',8,NULL,3.1800000000000001598,6,3098906);
INSERT INTO track VALUES('Love Is a Losing Game',8,NULL,2.5600000000000000532,6,2509409);
INSERT INTO track VALUES('Me & Mr. Jones',8,NULL,2.5099999999999997868,6,2449438);
INSERT INTO track VALUES('Rehab',8,NULL,3.5499999999999998223,6,3416878);
INSERT INTO track VALUES('Rehab (Hot Chip Remix)',8,NULL,6.9599999999999999644,6,6670600);
INSERT INTO track VALUES('Some Unholy War',8,NULL,2.3500000000000000888,6,2304465);
INSERT INTO track VALUES('Tears Dry On Their Own',8,NULL,3.080000000000000071,6,2996598);
INSERT INTO track VALUES('Wake Up Alone',8,NULL,3.6800000000000001598,6,3576773);
INSERT INTO track VALUES('You Know I''m No Good',8,NULL,4.2599999999999997868,6,4133694);
INSERT INTO track VALUES('You Know I''m No Good (feat. Ghostface Killah)',8,NULL,3.3599999999999998756,6,3260658);
INSERT INTO track VALUES('Angela',9,NULL,2.8100000000000000532,7,5574957);
INSERT INTO track VALUES('Corcovado (Quiet Nights Of Quiet Stars)',9,NULL,3.4100000000000001421,7,6687994);
INSERT INTO track VALUES('Desafinado',9,NULL,3.080000000000000071,7,5990473);
INSERT INTO track VALUES('Dindi (Dindi)',9,NULL,4.2099999999999999644,7,8149148);
INSERT INTO track VALUES('Falando De Amor',9,NULL,3.6499999999999999111,7,7121735);
INSERT INTO track VALUES('Fotografia',9,NULL,2.1499999999999999111,7,4198774);
INSERT INTO track VALUES('Garota De Ipanema',9,NULL,4.75,7,9348428);
INSERT INTO track VALUES('Ligia',9,NULL,4.1799999999999997157,7,8226934);
INSERT INTO track VALUES('O Boto (Bôto)',9,NULL,6.0999999999999996447,7,12089673);
INSERT INTO track VALUES('Outra Vez',9,NULL,2.1000000000000000888,7,4110053);
INSERT INTO track VALUES('Por Causa De Você',9,NULL,2.8100000000000000532,7,5536496);
INSERT INTO track VALUES('Samba De Uma Nota Só (One Note Samba)',9,NULL,2.2799999999999998046,7,4535401);
INSERT INTO track VALUES('Se Todos Fossem Iguais A Você (Instrumental)',9,NULL,2.2299999999999999822,7,4393377);
INSERT INTO track VALUES('Creeping Death',10,NULL,5.1299999999999998934,8,10110980);
INSERT INTO track VALUES('Enter Sandman',10,NULL,3.6800000000000001598,8,7286305);
INSERT INTO track VALUES('Harvester Of Sorrow',10,NULL,6.2300000000000004263,8,12372536);
INSERT INTO track VALUES('Master Of Puppets',10,NULL,7.2599999999999997868,8,14375310);
INSERT INTO track VALUES('Sad But True',10,NULL,4.7999999999999998223,8,9405526);
INSERT INTO track VALUES('The Unforgiven',10,NULL,5.3600000000000003197,8,10422447);
INSERT INTO track VALUES('Welcome Home (Sanitarium)',10,NULL,5.830000000000000071,8,11406431);
INSERT INTO track VALUES('Wherever I May Roam',10,NULL,6.1500000000000003552,8,12033110);
INSERT INTO track VALUES('Bring''em Back Alive',11,NULL,5.4800000000000004263,9,7911634);
INSERT INTO track VALUES('Cochise',11,NULL,3.7000000000000001776,9,5339931);
INSERT INTO track VALUES('Exploder',11,NULL,3.4300000000000001598,9,4948095);
INSERT INTO track VALUES('Gasoline',11,NULL,4.6500000000000003552,9,6709793);
INSERT INTO track VALUES('Getaway Car',11,NULL,4.9800000000000004263,9,7193162);
INSERT INTO track VALUES('Hypnotize',11,NULL,3.4300000000000001598,9,4961887);
INSERT INTO track VALUES('I am the Highway',11,NULL,5.5599999999999996092,9,8041411);
INSERT INTO track VALUES('Light My Way',11,NULL,5.0499999999999998223,9,7289084);
INSERT INTO track VALUES('Like a Stone',11,NULL,4.9000000000000003552,9,7059624);
INSERT INTO track VALUES('Set It Off',11,NULL,4.3799999999999998934,9,6321091);
INSERT INTO track VALUES('Shadow on the Sun',11,NULL,5.7099999999999999644,9,8245793);
INSERT INTO track VALUES('Show Me How to Live',11,NULL,4.6100000000000003197,9,6672176);
INSERT INTO track VALUES('The Last Remaining Light',11,NULL,5.2800000000000002486,9,7622615);
INSERT INTO track VALUES('What You Are',11,NULL,4.1500000000000003552,9,5988186);
INSERT INTO track VALUES('#1 Zero',12,NULL,4.9800000000000004263,9,9731988);
INSERT INTO track VALUES('Be Yourself',12,NULL,4.6500000000000003552,9,9106160);
INSERT INTO track VALUES('Dandelion',12,NULL,4.6299999999999998934,9,9003592);
INSERT INTO track VALUES('Doesn''t Remind Me',12,NULL,4.25,9,8357387);
INSERT INTO track VALUES('Drown Me Slowly',12,NULL,3.8799999999999998934,9,7609178);
INSERT INTO track VALUES('Heaven''s Dead',12,NULL,4.5899999999999998578,9,9006158);
INSERT INTO track VALUES('Man Or Animal',12,NULL,3.8799999999999998934,9,7542942);
INSERT INTO track VALUES('Out Of Exile',12,NULL,4.8399999999999998578,9,9506571);
INSERT INTO track VALUES('The Curse',12,NULL,5.1500000000000003552,9,10029406);
INSERT INTO track VALUES('The Worm',12,NULL,3.9500000000000001776,9,7710800);
INSERT INTO track VALUES('Yesterday To Tomorrow',12,NULL,4.5499999999999998223,9,8944205);
INSERT INTO track VALUES('Your Time Has Come',12,NULL,4.25,9,8273592);
INSERT INTO track VALUES('13 Years Of Grief',13,NULL,4.0899999999999998578,10,8137421);
INSERT INTO track VALUES('A.N.D.R.O.T.A.Z.',13,NULL,4.4299999999999997157,10,8574746);
INSERT INTO track VALUES('All For You',13,NULL,3.9100000000000001421,10,7726948);
INSERT INTO track VALUES('Bored To Tears',13,NULL,4.1100000000000003197,10,8130090);
INSERT INTO track VALUES('Born To Booze',13,NULL,4.7000000000000001776,10,9257358);
INSERT INTO track VALUES('Intro/ Low Down',13,NULL,5.3799999999999998934,10,10642901);
INSERT INTO track VALUES('Lost My Better Half',13,NULL,4.7300000000000004263,10,9355309);
INSERT INTO track VALUES('No More Tears',13,NULL,9.25,10,18041629);
INSERT INTO track VALUES('Phoney Smile Fake Hellos',13,NULL,4.5499999999999998223,10,9011701);
INSERT INTO track VALUES('Stronger Than Death',13,NULL,5.0,10,9869647);
INSERT INTO track VALUES('Super Terrorizer',13,NULL,5.3099999999999996092,10,10513905);
INSERT INTO track VALUES('The Begining... At Last',13,NULL,6.080000000000000071,10,11965109);
INSERT INTO track VALUES('World Of Trouble',13,NULL,5.9800000000000004263,10,11820932);
INSERT INTO track VALUES('Blood In The Wall',14,NULL,4.7300000000000004263,10,9359475);
INSERT INTO track VALUES('Heart Of Gold',14,NULL,3.2299999999999999822,10,6417460);
INSERT INTO track VALUES('Like A Bird',14,NULL,4.5899999999999998578,10,9115657);
INSERT INTO track VALUES('Snowblind',14,NULL,7.0,10,13842549);
INSERT INTO track VALUES('The Beginning...At Last',14,NULL,4.5099999999999997868,10,8975814);
INSERT INTO track VALUES('Behind The Wall Of Sleep',15,NULL,3.6099999999999998756,11,7169049);
INSERT INTO track VALUES('Black Sabbath',15,NULL,6.3600000000000003197,11,12440200);
INSERT INTO track VALUES('Evil Woman',15,NULL,3.3999999999999999111,11,6655170);
INSERT INTO track VALUES('N.I.B.',15,NULL,6.1299999999999998934,11,12029390);
INSERT INTO track VALUES('Sleeping Village',15,NULL,10.730000000000000426,11,21128525);
INSERT INTO track VALUES('The Wizard',15,NULL,4.4000000000000003552,11,8646737);
INSERT INTO track VALUES('Warning',15,NULL,3.5299999999999998046,11,6893363);
INSERT INTO track VALUES('A Banda',16,NULL,2.2000000000000001776,12,4349539);
INSERT INTO track VALUES('Apesar De Você',16,NULL,3.8999999999999999111,12,7886937);
INSERT INTO track VALUES('Atras Da Porta',16,NULL,3.1499999999999999111,12,6132843);
INSERT INTO track VALUES('Brejo Da Cruz',16,NULL,3.5600000000000000532,12,7270749);
INSERT INTO track VALUES('Carolina',16,NULL,2.7099999999999999644,12,5375395);
INSERT INTO track VALUES('Com Açúcar E Com Afeto',16,NULL,2.9100000000000001421,12,5846442);
INSERT INTO track VALUES('Construção / Deus Lhe Pague',16,NULL,6.3799999999999998934,12,12675305);
INSERT INTO track VALUES('Essa Moça Ta Diferente',16,NULL,2.7799999999999998046,12,5568574);
INSERT INTO track VALUES('Fora Da Ordem',16,NULL,5.9000000000000003552,12,11746781);
INSERT INTO track VALUES('Geni E O Zepelim',16,NULL,5.2800000000000002486,12,10342226);
INSERT INTO track VALUES('Gota D''água',16,NULL,2.5400000000000000355,12,5074189);
INSERT INTO track VALUES('Meia-Lua Inteira',16,NULL,3.7000000000000001776,12,7466288);
INSERT INTO track VALUES('Menino Do Rio',16,NULL,2.4500000000000001776,12,4862277);
INSERT INTO track VALUES('Meu Caro Amigo',16,NULL,4.330000000000000071,12,8778172);
INSERT INTO track VALUES('Minha Historia',16,NULL,3.0299999999999998046,12,6029673);
INSERT INTO track VALUES('Morena De Angola',16,NULL,3.1000000000000000888,12,6373932);
INSERT INTO track VALUES('O Estrangeiro',16,NULL,6.2300000000000004263,12,12472890);
INSERT INTO track VALUES('O Leaozinho',16,NULL,3.0600000000000000532,12,6098150);
INSERT INTO track VALUES('O Que Será (À Flor Da Terra)',16,NULL,2.7799999999999998046,12,5574848);
INSERT INTO track VALUES('Podres Poderes',16,NULL,4.3099999999999996092,12,8622495);
INSERT INTO track VALUES('Qualquer Coisa',16,NULL,3.2099999999999999644,12,6372433);
INSERT INTO track VALUES('Queixa',16,NULL,4.9800000000000004263,12,9953962);
INSERT INTO track VALUES('Samba De Orly',16,NULL,2.7000000000000001776,12,5431854);
INSERT INTO track VALUES('Sampa',16,NULL,3.080000000000000071,12,6151831);
INSERT INTO track VALUES('Tatuagem',16,NULL,2.8599999999999998756,12,5645703);
INSERT INTO track VALUES('Terra',16,NULL,6.6799999999999997157,12,13224055);
INSERT INTO track VALUES('Trocando Em Miúdos',16,NULL,2.8100000000000000532,12,5461468);
INSERT INTO track VALUES('Um Indio',16,NULL,3.25,12,6453213);
INSERT INTO track VALUES('Vai Passar',16,NULL,6.1500000000000003552,12,12359161);
INSERT INTO track VALUES('Vai Trabalhar Vagabundo',16,NULL,2.3100000000000000532,12,4693941);
INSERT INTO track VALUES('Voce Nao Entende Nada - Cotidiano',16,NULL,7.0099999999999997868,12,13885612);
INSERT INTO track VALUES('Voce e Linda',16,NULL,4.0300000000000002486,12,8050268);
INSERT INTO track VALUES('Amor De Muito',17,NULL,2.9100000000000001421,13,5881293);
INSERT INTO track VALUES('Baião Ambiental [Instrumental]',17,NULL,2.5299999999999998046,13,5198539);
INSERT INTO track VALUES('Corpo De Lama',17,NULL,3.8599999999999998756,13,7714954);
INSERT INTO track VALUES('Criança De Domingo',17,NULL,3.4599999999999999644,13,6984813);
INSERT INTO track VALUES('Enquanto O Mundo Explode',17,NULL,1.4599999999999999644,13,2968650);
INSERT INTO track VALUES('Etnia',17,NULL,2.5299999999999998046,13,5061413);
INSERT INTO track VALUES('Interlude Zumbi',17,NULL,1.1799999999999999378,13,2408550);
INSERT INTO track VALUES('Macô',17,NULL,4.1500000000000003552,13,8253934);
INSERT INTO track VALUES('Manguetown',17,NULL,3.2299999999999999822,13,6475159);
INSERT INTO track VALUES('Maracatu Atômico',17,NULL,4.7300000000000004263,13,9670057);
INSERT INTO track VALUES('Maracatu Atômico [Atomic Version]',17,NULL,4.5499999999999998223,13,9019677);
INSERT INTO track VALUES('Maracatu Atômico [Ragga Mix]',17,NULL,3.5,13,6986421);
INSERT INTO track VALUES('Maracatu Atômico [Trip Hop]',17,NULL,3.6800000000000001598,13,7380787);
INSERT INTO track VALUES('Mateus Enter',17,NULL,0.5500000000000000444,13,1103013);
INSERT INTO track VALUES('O Cidadão Do Mundo',17,NULL,3.330000000000000071,13,6724966);
INSERT INTO track VALUES('O Encontro De Isaac Asimov Com Santos Dumont No Céu',17,NULL,1.6499999999999999111,13,3240816);
INSERT INTO track VALUES('Quilombo Groove [Instrumental]',17,NULL,2.5099999999999997868,13,5042447);
INSERT INTO track VALUES('Samba Do Lado',17,NULL,3.7799999999999998046,13,7541688);
INSERT INTO track VALUES('Samidarish [Instrumental]',17,NULL,4.5300000000000002486,13,8911641);
INSERT INTO track VALUES('Sangue De Bairro',17,NULL,2.2000000000000001776,13,4415557);
INSERT INTO track VALUES('Sobremesa',17,NULL,4.0,13,7960868);
INSERT INTO track VALUES('Um Passeio No Mundo Livre',17,NULL,4.0,13,7984291);
INSERT INTO track VALUES('Um Satélite Na Cabeça',17,NULL,2.1000000000000000888,13,4272821);
INSERT INTO track VALUES('A Cor Do Sol',18,NULL,4.5499999999999998223,14,9142937);
INSERT INTO track VALUES('A Estrada',18,NULL,4.7000000000000001776,14,9344477);
INSERT INTO track VALUES('A Sombra Da Maldade',18,NULL,4.75,14,9544383);
INSERT INTO track VALUES('Doutor',18,NULL,2.9599999999999999644,14,5950952);
INSERT INTO track VALUES('Downtown',18,NULL,3.9799999999999999822,14,8024386);
INSERT INTO track VALUES('Eu Também Quero Beijar',18,NULL,3.5099999999999997868,14,7029400);
INSERT INTO track VALUES('Falar A Verdade',18,NULL,4.0599999999999996092,14,8189093);
INSERT INTO track VALUES('Firmamento',18,NULL,3.75,14,7507866);
INSERT INTO track VALUES('Na Frente Da TV',18,NULL,4.8099999999999996092,14,9633659);
INSERT INTO track VALUES('O Erê',18,NULL,3.4300000000000001598,14,6950332);
INSERT INTO track VALUES('Onde Você Mora?',18,NULL,4.9599999999999999644,14,10056970);
INSERT INTO track VALUES('Pensamento',18,NULL,3.2000000000000001776,14,6399761);
INSERT INTO track VALUES('Realidade Virtual',18,NULL,4.0,14,8069934);
INSERT INTO track VALUES('Sábado A Noite',18,NULL,4.4500000000000001776,14,8895073);
INSERT INTO track VALUES('Amor Demais',19,NULL,4.2300000000000004263,15,8420093);
INSERT INTO track VALUES('Cada Um Cada Um (A Namoradeira)',19,NULL,4.2099999999999999644,15,8441034);
INSERT INTO track VALUES('Felicidade Urgente',19,NULL,4.4299999999999997157,15,8873358);
INSERT INTO track VALUES('Flor Do Futuro',19,NULL,4.580000000000000071,15,9205941);
INSERT INTO track VALUES('Férias',19,NULL,4.4000000000000003552,15,8731945);
INSERT INTO track VALUES('Gostava Tanto De Você',19,NULL,3.830000000000000071,15,7685326);
INSERT INTO track VALUES('Linha Do Equador',19,NULL,4.0599999999999996092,15,8123466);
INSERT INTO track VALUES('Livre Pra Viver',19,NULL,3.5600000000000000532,15,7111596);
INSERT INTO track VALUES('Noite Do Prazer',19,NULL,5.1799999999999997157,15,10309980);
INSERT INTO track VALUES('À Francesa',19,NULL,4.0599999999999996092,15,8150846);
INSERT INTO track VALUES('Bloodsucker',20,NULL,4.2599999999999997868,16,8344405);
INSERT INTO track VALUES('Child In Time',20,NULL,10.33000000000000007,16,20230089);
INSERT INTO track VALUES('Flight Of The Rat',20,NULL,7.9599999999999999644,16,15563967);
INSERT INTO track VALUES('Hard Lovin'' Man',20,NULL,7.1799999999999997157,16,13931179);
INSERT INTO track VALUES('Into The Fire',20,NULL,3.5,16,6849310);
INSERT INTO track VALUES('Living Wreck',20,NULL,4.5599999999999996092,16,8993056);
INSERT INTO track VALUES('Speed King',20,NULL,4.4000000000000003552,16,8587578);
INSERT INTO track VALUES('Burn',21,NULL,7.5499999999999998223,16,14775708);
INSERT INTO track VALUES('Gypsy',21,NULL,5.6500000000000003552,16,11046952);
INSERT INTO track VALUES('Lady Double Dealer',21,NULL,3.8799999999999998934,16,7608759);
INSERT INTO track VALUES('Mistreated',21,NULL,12.630000000000000781,16,24596235);
INSERT INTO track VALUES('Smoke On The Water',21,NULL,10.30000000000000071,16,20103125);
INSERT INTO track VALUES('Stormbringer',21,NULL,4.6100000000000003197,16,9050022);
INSERT INTO track VALUES('You Fool No One',21,NULL,13.400000000000000354,16,26369966);
INSERT INTO track VALUES('A Castle Full Of Rascals',22,NULL,5.1799999999999997157,16,10159566);
INSERT INTO track VALUES('A Touch Away',22,NULL,4.5899999999999998578,16,9098561);
INSERT INTO track VALUES('Cascades : I''m Not Your Lover',22,NULL,4.7099999999999999644,16,9209693);
INSERT INTO track VALUES('Hey Cisco',22,NULL,5.9000000000000003552,16,11600029);
INSERT INTO track VALUES('Loosen My Strings',22,NULL,5.9800000000000004263,16,11702232);
INSERT INTO track VALUES('Rosa''s Cantina',22,NULL,5.2000000000000001776,16,10323804);
INSERT INTO track VALUES('Somebody Stole My Guitar',22,NULL,4.1500000000000003552,16,8180421);
INSERT INTO track VALUES('Sometimes I Feel Like Screaming',22,NULL,7.5099999999999997868,16,14789410);
INSERT INTO track VALUES('Soon Forgotten',22,NULL,4.7800000000000002486,16,9401383);
INSERT INTO track VALUES('The Aviator',22,NULL,5.330000000000000071,16,10532053);
INSERT INTO track VALUES('The Purpendicular Waltz',22,NULL,4.7099999999999999644,16,9299131);
INSERT INTO track VALUES('Vavoom : Ted The Mechanic',22,NULL,4.2800000000000002486,16,8510755);
INSERT INTO track VALUES('Breakfast In Bed',23,NULL,5.2800000000000002486,16,10323804);
INSERT INTO track VALUES('Fire In The Basement',23,NULL,4.7099999999999999644,16,9267550);
INSERT INTO track VALUES('Fortuneteller',23,NULL,5.8099999999999996092,16,11369671);
INSERT INTO track VALUES('King Of Dreams',23,NULL,5.4599999999999999644,16,10733847);
INSERT INTO track VALUES('Love Conquers All',23,NULL,3.7799999999999998046,16,7328516);
INSERT INTO track VALUES('The Cut Runs Deep',23,NULL,5.7000000000000001776,16,11191650);
INSERT INTO track VALUES('Too Much Is Not Enough',23,NULL,4.2800000000000002486,16,8382800);
INSERT INTO track VALUES('Truth Hurts',23,NULL,5.2300000000000004263,16,10224612);
INSERT INTO track VALUES('Wicked Ways',23,NULL,6.5499999999999998223,16,12826582);
INSERT INTO track VALUES('High Ball Shooter',24,NULL,4.4500000000000001776,16,8772471);
INSERT INTO track VALUES('Hold On',24,NULL,5.0899999999999998578,16,10022428);
INSERT INTO track VALUES('Holy Man',24,NULL,4.5,16,8818093);
INSERT INTO track VALUES('Lady Double Dealer',24,NULL,3.3500000000000000888,16,7608759);
INSERT INTO track VALUES('Love Don''t Mean a Thing',24,NULL,4.3799999999999998934,16,8675026);
INSERT INTO track VALUES('Soldier Of Fortune',24,NULL,3.2099999999999999644,16,6315321);
INSERT INTO track VALUES('Stormbringer',24,NULL,4.0899999999999998578,16,9050022);
INSERT INTO track VALUES('The Gypsy',24,NULL,4.0300000000000002486,16,7946614);
INSERT INTO track VALUES('You Can''t Do it Right (With the One You Love)',24,NULL,3.3799999999999998934,16,6709579);
INSERT INTO track VALUES('A Twist In The Tail',25,NULL,4.2800000000000002486,16,8413103);
INSERT INTO track VALUES('Anya',25,NULL,6.5300000000000002486,16,12754921);
INSERT INTO track VALUES('Lick It Up',25,NULL,4.0,16,7792604);
INSERT INTO track VALUES('Nasty Piece Of Work',25,NULL,4.5899999999999998578,16,9076997);
INSERT INTO track VALUES('One Man''s Meat',25,NULL,4.6299999999999998934,16,9068960);
INSERT INTO track VALUES('Ramshackle Man',25,NULL,5.5599999999999996092,16,10874679);
INSERT INTO track VALUES('Solitaire',25,NULL,4.7000000000000001776,16,9157021);
INSERT INTO track VALUES('Talk About Love',25,NULL,4.1100000000000003197,16,8072171);
INSERT INTO track VALUES('The Battle Rages On',25,NULL,5.9299999999999997157,16,11626228);
INSERT INTO track VALUES('Time To Kill',25,NULL,5.8499999999999996447,16,11354742);
INSERT INTO track VALUES('Going Down / Highway Star',26,NULL,15.210000000000000852,16,29846063);
INSERT INTO track VALUES('Mistreated (Alternate Version)',26,NULL,14.230000000000000426,16,27775442);
INSERT INTO track VALUES('Space Truckin''',26,NULL,19.929999999999999715,16,39267613);
INSERT INTO track VALUES('You Fool No One (Alternate Version)',26,NULL,12.710000000000000852,16,24887209);
INSERT INTO track VALUES('Action',27,NULL,3.6600000000000001421,17,7130830);
INSERT INTO track VALUES('Animal',27,NULL,4.0599999999999996092,17,7985133);
INSERT INTO track VALUES('Armageddon It',27,NULL,5.3600000000000003197,17,10522352);
INSERT INTO track VALUES('Bringin'' On The Heartbreak',27,NULL,4.5300000000000002486,17,8853324);
INSERT INTO track VALUES('Have You Ever Needed Someone So Bad',27,NULL,5.3099999999999996092,17,10400020);
INSERT INTO track VALUES('Heaven Is',27,NULL,3.5600000000000000532,17,6988128);
INSERT INTO track VALUES('Hysteria',27,NULL,5.9100000000000001421,17,11622738);
INSERT INTO track VALUES('Let''s Get Rocked',27,NULL,4.9299999999999997157,17,9724150);
INSERT INTO track VALUES('Love Bites',27,NULL,5.7599999999999997868,17,11305791);
INSERT INTO track VALUES('Make Love Like A Man',27,NULL,4.25,17,8309725);
INSERT INTO track VALUES('Photograph',27,NULL,4.1299999999999998934,17,8108507);
INSERT INTO track VALUES('Pour Some Sugar On Me',27,NULL,4.8600000000000003197,17,9518842);
INSERT INTO track VALUES('Rock Of Ages',27,NULL,4.1299999999999998934,17,8150318);
INSERT INTO track VALUES('Rocket',27,NULL,4.1100000000000003197,17,8092463);
INSERT INTO track VALUES('Two Steps Behind [Acoustic Version]',27,NULL,4.3099999999999996092,17,8523388);
INSERT INTO track VALUES('When Love & Hate Collide',27,NULL,4.2800000000000002486,17,8364633);
INSERT INTO track VALUES('A Rua',28,NULL,3.9599999999999999644,18,7930264);
INSERT INTO track VALUES('Agora Que O Dia Acordou',28,NULL,5.3799999999999998934,18,10572752);
INSERT INTO track VALUES('Baixo Rio',28,NULL,3.2999999999999998223,18,6521676);
INSERT INTO track VALUES('Do You Have Other Loves?',28,NULL,4.9100000000000001421,18,9604273);
INSERT INTO track VALUES('Entre E Ouça',28,NULL,4.7599999999999997868,18,9391004);
INSERT INTO track VALUES('Já!!!',28,NULL,3.6099999999999998756,18,7103608);
INSERT INTO track VALUES('Manuel',28,NULL,3.830000000000000071,18,7677671);
INSERT INTO track VALUES('Seis Da Tarde',28,NULL,3.9599999999999999644,18,7935898);
INSERT INTO track VALUES('Solução',28,NULL,4.1100000000000003197,18,8100449);
INSERT INTO track VALUES('Sombras Do Meu Destino',28,NULL,4.6600000000000001421,18,9161539);
INSERT INTO track VALUES('Um Contrato Com Deus',28,NULL,3.3599999999999998756,18,6636465);
INSERT INTO track VALUES('Um Jantar Pra Dois',28,NULL,4.0599999999999996092,18,8021589);
INSERT INTO track VALUES('Um Love',28,NULL,3.0099999999999997868,18,6095524);
INSERT INTO track VALUES('Vamos Dançar',28,NULL,3.7599999999999997868,18,7617432);
INSERT INTO track VALUES('After Midnight',29,NULL,3.1800000000000001598,19,6460941);
INSERT INTO track VALUES('Badge',29,NULL,2.7099999999999999644,19,5322942);
INSERT INTO track VALUES('Bell Bottom Blues',29,NULL,5.0599999999999996092,19,9946681);
INSERT INTO track VALUES('Cocaine',29,NULL,3.580000000000000071,19,7138399);
INSERT INTO track VALUES('Crossroads',29,NULL,4.2099999999999999644,19,8273540);
INSERT INTO track VALUES('I Can''t Stand It',29,NULL,4.1500000000000003552,19,8271980);
INSERT INTO track VALUES('I Feel Free',29,NULL,2.8999999999999999111,19,5725684);
INSERT INTO track VALUES('I Shot The Sheriff',29,NULL,4.3799999999999998934,19,8738973);
INSERT INTO track VALUES('Knockin On Heavens Door',29,NULL,4.4000000000000003552,19,8758819);
INSERT INTO track VALUES('Lay Down Sally',29,NULL,3.8500000000000000888,19,7774207);
INSERT INTO track VALUES('Layla',29,NULL,7.1600000000000001421,19,14115792);
INSERT INTO track VALUES('Let It Grow',29,NULL,4.9500000000000001776,19,9742568);
INSERT INTO track VALUES('Promises',29,NULL,3.0,19,6006154);
INSERT INTO track VALUES('Strange Brew',29,NULL,2.7799999999999998046,19,5489787);
INSERT INTO track VALUES('Sunshine Of Your Love',29,NULL,4.2000000000000001776,19,8225889);
INSERT INTO track VALUES('Swing Low Sweet Chariot',29,NULL,3.4599999999999999644,19,6896288);
INSERT INTO track VALUES('White Room',29,NULL,5.0099999999999997868,19,9872606);
INSERT INTO track VALUES('Wonderful Tonight',29,NULL,3.6800000000000001598,19,7326923);
INSERT INTO track VALUES('Best Of You',30,NULL,4.25,20,8363467);
INSERT INTO track VALUES('DOA',30,NULL,4.2000000000000001776,20,8232342);
INSERT INTO track VALUES('End Over End',30,NULL,5.8600000000000003197,20,11395296);
INSERT INTO track VALUES('Free Me',30,NULL,4.6299999999999998934,20,9109340);
INSERT INTO track VALUES('Hell',30,NULL,1.9499999999999999555,20,3819255);
INSERT INTO track VALUES('In Your Honor',30,NULL,3.830000000000000071,20,7468463);
INSERT INTO track VALUES('No Way Back',30,NULL,3.2599999999999997868,20,6421400);
INSERT INTO track VALUES('Resolve',30,NULL,4.7999999999999998223,20,9416186);
INSERT INTO track VALUES('The Deepest Blues Are Black',30,NULL,3.9599999999999999644,20,7735473);
INSERT INTO track VALUES('The Last Song',30,NULL,3.3100000000000000532,20,6496742);
INSERT INTO track VALUES('Another Round',31,NULL,4.4100000000000001421,20,8752670);
INSERT INTO track VALUES('Cold Day In The Sun',31,NULL,3.330000000000000071,20,6596617);
INSERT INTO track VALUES('Friend Of A Friend',31,NULL,3.2099999999999999644,20,6355088);
INSERT INTO track VALUES('Miracle',31,NULL,3.4799999999999999822,20,6877994);
INSERT INTO track VALUES('On The Mend',31,NULL,4.5099999999999997868,20,9071997);
INSERT INTO track VALUES('Over And Out',31,NULL,5.2599999999999997868,20,10428382);
INSERT INTO track VALUES('Razor',31,NULL,4.8799999999999998934,20,9721373);
INSERT INTO track VALUES('Still',31,NULL,5.2099999999999999644,20,10323157);
INSERT INTO track VALUES('Virginia Moon',31,NULL,3.8100000000000000532,20,7494639);
INSERT INTO track VALUES('What If I Do?',31,NULL,5.0300000000000002486,20,9929799);
INSERT INTO track VALUES('Doll',32,NULL,1.3799999999999998934,20,2702572);
INSERT INTO track VALUES('Enough Space',32,NULL,2.6099999999999998756,20,5169280);
INSERT INTO track VALUES('Everlong',32,NULL,4.1600000000000001421,20,8270816);
INSERT INTO track VALUES('February Stars',32,NULL,4.8099999999999996092,20,9344875);
INSERT INTO track VALUES('Monkey Wrench',32,NULL,3.8500000000000000888,20,7527531);
INSERT INTO track VALUES('My Hero',32,NULL,4.330000000000000071,20,8472365);
INSERT INTO track VALUES('My Poor Brain',32,NULL,3.5499999999999998223,20,6973746);
INSERT INTO track VALUES('New Way Home',32,NULL,5.7000000000000001776,20,11205664);
INSERT INTO track VALUES('See You',32,NULL,2.4300000000000001598,20,4888173);
INSERT INTO track VALUES('Up In Arms',32,NULL,2.25,20,4406227);
INSERT INTO track VALUES('Walking After You',32,NULL,5.0499999999999998223,20,9898992);
INSERT INTO track VALUES('Wind Up',32,NULL,2.5299999999999998046,20,4950667);
INSERT INTO track VALUES('200 Years Old',33,NULL,4.5300000000000002486,21,8912465);
INSERT INTO track VALUES('Advance Romance',33,NULL,11.27999999999999936,21,22080051);
INSERT INTO track VALUES('Carolina Hard-Core Ecstasy',33,NULL,5.9800000000000004263,21,11731061);
INSERT INTO track VALUES('Cucamonga',33,NULL,2.3999999999999999111,21,4728586);
INSERT INTO track VALUES('Debra Kadabra',33,NULL,3.8999999999999999111,21,7649679);
INSERT INTO track VALUES('Man With The Woman Head',33,NULL,1.4599999999999999644,21,2922044);
INSERT INTO track VALUES('Muffin Man',33,NULL,5.5300000000000002486,21,10891682);
INSERT INTO track VALUES('Poofter''s Froth Wyoming Plans Ahead',33,NULL,3.0499999999999998223,21,6007019);
INSERT INTO track VALUES('Sam With The Showing Scalp Flat Top',33,NULL,2.8500000000000000888,21,5572993);
INSERT INTO track VALUES('A Volta Da Asa Branca',34,NULL,4.5099999999999997868,22,9098093);
INSERT INTO track VALUES('As Pegadas Do Amor',34,NULL,3.4799999999999999822,22,6899062);
INSERT INTO track VALUES('Asa Branca',34,NULL,3.6099999999999998756,22,7387183);
INSERT INTO track VALUES('Assum Preto',34,NULL,3.3100000000000000532,22,6625000);
INSERT INTO track VALUES('Baião Da Penha',34,NULL,4.1100000000000003197,22,8393047);
INSERT INTO track VALUES('Casinha Feliz',34,NULL,0.53000000000000002664,22,1039615);
INSERT INTO track VALUES('Esperando Na Janela',34,NULL,4.3399999999999998578,22,8660617);
INSERT INTO track VALUES('Juazeiro',34,NULL,3.7000000000000001776,22,7349779);
INSERT INTO track VALUES('Lamento Sertanejo',34,NULL,4.330000000000000071,22,8518290);
INSERT INTO track VALUES('O Amor Daqui De Casa',34,NULL,2.4599999999999999644,22,4888292);
INSERT INTO track VALUES('Pau-De-Arara',34,NULL,3.1800000000000001598,22,6340649);
INSERT INTO track VALUES('Qui Nem Jiló',34,NULL,3.3999999999999999111,22,6937472);
INSERT INTO track VALUES('Óia Eu Aqui De Novo',34,NULL,3.6499999999999999111,22,7469735);
INSERT INTO track VALUES('Último Pau-De-Arara',34,NULL,3.330000000000000071,22,6638563);
INSERT INTO track VALUES('A Novidade (Live)',35,NULL,5.2599999999999997868,22,10508000);
INSERT INTO track VALUES('Copacabana (Live)',35,NULL,4.8099999999999996092,22,9673672);
INSERT INTO track VALUES('Cérebro Eletrônico (Live)',35,NULL,3.8500000000000000888,22,7805352);
INSERT INTO track VALUES('De Ouro E Marfim (Live)',35,NULL,3.8999999999999999111,22,7838453);
INSERT INTO track VALUES('Estrela (Live)',35,NULL,4.75,22,9436411);
INSERT INTO track VALUES('Ghandi (Live)',35,NULL,3.7000000000000001776,22,7481950);
INSERT INTO track VALUES('Introdução (Live)',35,NULL,2.5600000000000000532,22,5227579);
INSERT INTO track VALUES('Is This Love (Live)',35,NULL,4.9100000000000001421,22,9819759);
INSERT INTO track VALUES('Opachorô (Live)',35,NULL,4.3099999999999996092,22,8596384);
INSERT INTO track VALUES('Palco (Live)',35,NULL,3.9599999999999999644,22,8026622);
INSERT INTO track VALUES('Pela Internet (Live)',35,NULL,4.3799999999999998934,22,8804401);
INSERT INTO track VALUES('Quanta (Live)',35,NULL,5.9500000000000001776,22,11774865);
INSERT INTO track VALUES('Refavela (Live)',35,NULL,3.9300000000000001598,22,7985305);
INSERT INTO track VALUES('Stir It Up (Live)',35,NULL,4.7000000000000001776,22,9594738);
INSERT INTO track VALUES('Vendedor De Caranguejo (Live)',35,NULL,4.1299999999999998934,22,8358128);
INSERT INTO track VALUES('American Idiot',36,NULL,2.8999999999999999111,23,5705793);
INSERT INTO track VALUES('Are We The Waiting',36,NULL,2.7099999999999999644,23,5328329);
INSERT INTO track VALUES('Boulevard Of Broken Dreams',36,NULL,4.330000000000000071,23,8485122);
INSERT INTO track VALUES('Extraordinary Girl',36,NULL,3.5600000000000000532,23,6975177);
INSERT INTO track VALUES('Give Me Novacaine',36,NULL,3.4100000000000001421,23,6752485);
INSERT INTO track VALUES('Holiday',36,NULL,3.8599999999999998756,23,7599602);
INSERT INTO track VALUES('Homecoming / The Death Of St. Jimmy / East 12th St. / Nobody Likes You / Rock And Roll Girlfriend / We''re Coming Home Again',36,NULL,9.3000000000000007105,23,18139840);
INSERT INTO track VALUES('Jesus Of Suburbia / City Of The Damned / I Don''t Care / Dearly Beloved / Tales Of Another Broken Home',36,NULL,9.1300000000000007815,23,17875209);
INSERT INTO track VALUES('Letterbomb',36,NULL,4.0899999999999998578,23,7980902);
INSERT INTO track VALUES('She''s A Rebel',36,NULL,2.0,23,3901226);
INSERT INTO track VALUES('St. Jimmy',36,NULL,2.9100000000000001421,23,5716589);
INSERT INTO track VALUES('Wake Me Up When September Ends',36,NULL,4.75,23,9325597);
INSERT INTO track VALUES('Whatsername',36,NULL,4.2000000000000001776,23,8244843);
INSERT INTO track VALUES('Basket Case',37,NULL,3.0099999999999997868,23,5951736);
INSERT INTO track VALUES('Brain Stew',37,NULL,3.2099999999999999644,23,6305550);
INSERT INTO track VALUES('Geek Stink Breath',37,NULL,2.25,23,4408983);
INSERT INTO track VALUES('Good Riddance (Time Of Your Life)',37,NULL,2.5400000000000000355,23,5075241);
INSERT INTO track VALUES('Hitchin'' A Ride',37,NULL,2.8500000000000000888,23,5616891);
INSERT INTO track VALUES('J.A.R. (Jason Andrew Relva)',37,NULL,2.830000000000000071,23,5645755);
INSERT INTO track VALUES('Jaded',37,NULL,1.5,23,2950224);
INSERT INTO track VALUES('Longview',37,NULL,3.8999999999999999111,23,7714939);
INSERT INTO track VALUES('Macy''s Day Parade',37,NULL,3.5499999999999998223,23,7075573);
INSERT INTO track VALUES('Maria',37,NULL,2.7799999999999998046,23,5484747);
INSERT INTO track VALUES('Minority',37,NULL,2.7999999999999998223,23,5535061);
INSERT INTO track VALUES('Nice Guys Finish Last',37,NULL,2.830000000000000071,23,5604618);
INSERT INTO track VALUES('Poprocks And Coke',37,NULL,2.6299999999999998934,23,5243078);
INSERT INTO track VALUES('Redundant',37,NULL,3.2999999999999998223,23,6481753);
INSERT INTO track VALUES('She',37,NULL,2.2299999999999999822,23,4425128);
INSERT INTO track VALUES('Stuck With Me',37,NULL,2.25,23,4431357);
INSERT INTO track VALUES('Waiting',37,NULL,3.2000000000000001776,23,6316430);
INSERT INTO track VALUES('Walking Contradiction',37,NULL,2.5099999999999997868,23,4932366);
INSERT INTO track VALUES('Warning',37,NULL,3.6800000000000001598,23,6893363);
INSERT INTO track VALUES('Welcome To Paradise',37,NULL,3.7299999999999999822,23,7406008);
INSERT INTO track VALUES('When I Come Around',37,NULL,2.9599999999999999644,23,5839426);
INSERT INTO track VALUES('All My Love',38,NULL,3.330000000000000071,24,8027065);
INSERT INTO track VALUES('Come And Get Some Of This',38,NULL,2.830000000000000071,24,6821279);
INSERT INTO track VALUES('Commercial 1',38,NULL,0.11000000000000000055,24,319888);
INSERT INTO track VALUES('Commercial 2',38,NULL,0.34999999999999997779,24,850698);
INSERT INTO track VALUES('Feel It',38,NULL,3.9799999999999999822,24,9598588);
INSERT INTO track VALUES('Guess Who''s Back',38,NULL,3.9599999999999999644,24,9537994);
INSERT INTO track VALUES('House And The Rising Sun',38,NULL,3.6499999999999999111,24,8778369);
INSERT INTO track VALUES('House Of Pain Anthem',38,NULL,2.580000000000000071,24,6226713);
INSERT INTO track VALUES('Jump Around',38,NULL,3.6099999999999998756,24,8715653);
INSERT INTO track VALUES('Jump Around (Pete Rock Remix)',38,NULL,3.9300000000000001598,24,9447101);
INSERT INTO track VALUES('Life Goes On',38,NULL,2.7099999999999999644,24,6523458);
INSERT INTO track VALUES('One For The Road',38,NULL,2.830000000000000071,24,6810820);
INSERT INTO track VALUES('Put On Your Shit Kickers',38,NULL,3.1600000000000001421,24,7619569);
INSERT INTO track VALUES('Put Your Head Out',38,NULL,3.0299999999999998046,24,7291473);
INSERT INTO track VALUES('Salutations',38,NULL,1.1399999999999999023,24,2767047);
INSERT INTO track VALUES('Shamrocks And Shenanigans',38,NULL,3.6299999999999998934,24,8735518);
INSERT INTO track VALUES('Shamrocks And Shenanigans (Boom Shalock Lock Boom/Butch Vig Mix)',38,NULL,3.9500000000000001776,24,9483705);
INSERT INTO track VALUES('Top O'' The Morning To Ya',38,NULL,3.6000000000000000888,24,8667599);
INSERT INTO track VALUES('Colibri',39,NULL,6.0099999999999997868,25,12055329);
INSERT INTO track VALUES('Dark Side Of The Cog',39,NULL,6.2800000000000002486,25,12491122);
INSERT INTO track VALUES('Deep Waters',39,NULL,6.5999999999999996447,25,13075359);
INSERT INTO track VALUES('Gypsy',39,NULL,5.5,25,11046952);
INSERT INTO track VALUES('Jacob''s Ladder',39,NULL,6.1100000000000003197,25,12201595);
INSERT INTO track VALUES('Journey Into Sunlight',39,NULL,4.1500000000000003552,25,8241177);
INSERT INTO track VALUES('L''Arc En Ciel De Miles',39,NULL,4.0300000000000002486,25,8053997);
INSERT INTO track VALUES('Love Is The Colour',39,NULL,4.1799999999999997157,25,8419165);
INSERT INTO track VALUES('Magnetic Ocean',39,NULL,5.3499999999999996447,25,10720741);
INSERT INTO track VALUES('Millenium',39,NULL,6.3099999999999996092,25,12511939);
INSERT INTO track VALUES('She Wears Black',39,NULL,8.8000000000000007105,25,17617944);
INSERT INTO track VALUES('Sunchild',39,NULL,4.3099999999999996092,25,8593143);
INSERT INTO track VALUES('Thinking ''Bout Tomorrow',39,NULL,5.9100000000000001421,25,11865384);
INSERT INTO track VALUES('2 Minutes To Midnight',41,NULL,6.0999999999999996447,26,8799380);
INSERT INTO track VALUES('Acacia Avenue',41,NULL,6.3099999999999996092,26,9119118);
INSERT INTO track VALUES('Aces High',41,NULL,4.5899999999999998578,26,6635187);
INSERT INTO track VALUES('Children Of The Damned',41,NULL,4.6299999999999998934,26,6678446);
INSERT INTO track VALUES('Die With Your Boots On',41,NULL,5.2300000000000004263,26,7542367);
INSERT INTO track VALUES('Flight Of Icarus',41,NULL,3.8100000000000000532,26,5521744);
INSERT INTO track VALUES('Hallowed Be Thy Name',41,NULL,7.5099999999999997868,26,10836304);
INSERT INTO track VALUES('Intro- Churchill S Speech',41,NULL,0.8000000000000000444,26,1154488);
INSERT INTO track VALUES('Iron Maiden',41,NULL,4.3399999999999998578,26,6289117);
INSERT INTO track VALUES('Phantom Of The Opera',41,NULL,7.3499999999999996447,26,10589917);
INSERT INTO track VALUES('Powerslave',41,NULL,7.5599999999999996092,26,10921567);
INSERT INTO track VALUES('Revelations',41,NULL,6.1799999999999997157,26,8926021);
INSERT INTO track VALUES('Rime Of The Ancient Mariner',41,NULL,13.150000000000000355,26,18949518);
INSERT INTO track VALUES('Run To The Hills',41,NULL,3.8500000000000000888,26,5561241);
INSERT INTO track VALUES('Running Free',41,NULL,3.3999999999999999111,26,4912986);
INSERT INTO track VALUES('The Number Of The Beast',41,NULL,4.580000000000000071,26,6605094);
INSERT INTO track VALUES('The Trooper',41,NULL,4.4599999999999999644,26,6455255);
INSERT INTO track VALUES('Wrathchild',41,NULL,3.0499999999999998223,26,4410181);
INSERT INTO track VALUES('Afraid To Shoot Strangers',42,NULL,6.8600000000000003197,26,9905048);
INSERT INTO track VALUES('Be Quick Or Be Dead',42,NULL,3.8799999999999998934,26,5599853);
INSERT INTO track VALUES('Can I Play With Madness',42,NULL,3.5499999999999998223,26,5118995);
INSERT INTO track VALUES('Fear Of The Dark',42,NULL,7.1799999999999997157,26,10361452);
INSERT INTO track VALUES('From Here To Eternity',42,NULL,4.7300000000000004263,26,6831163);
INSERT INTO track VALUES('Tailgunner',42,NULL,4.1100000000000003197,26,5947795);
INSERT INTO track VALUES('The Evil That Men Do',42,NULL,7.9599999999999999644,26,11479913);
INSERT INTO track VALUES('The Number Of The Beast',42,NULL,4.9000000000000003552,26,6605094);
INSERT INTO track VALUES('Wasting Love',42,NULL,5.5999999999999996447,26,8091301);
INSERT INTO track VALUES('Wrathchild',42,NULL,2.8999999999999999111,26,4410181);
INSERT INTO track VALUES('Die With Your Boots On',43,NULL,5.4100000000000001421,26,7542367);
INSERT INTO track VALUES('Flight Of The Icarus',43,NULL,3.830000000000000071,26,3686400);
INSERT INTO track VALUES('Quest For Fire',43,NULL,3.6800000000000001598,26,3543040);
INSERT INTO track VALUES('Revelations',43,NULL,6.7999999999999998223,26,8926021);
INSERT INTO track VALUES('Still Life',43,NULL,4.9000000000000003552,26,4710400);
INSERT INTO track VALUES('Sun And Steel',43,NULL,3.4300000000000001598,26,3306324);
INSERT INTO track VALUES('The Trooper',43,NULL,4.1799999999999997157,26,6455255);
INSERT INTO track VALUES('To Tame A Land',43,NULL,7.4100000000000001421,26,7129264);
INSERT INTO track VALUES('Where Eagles Dare',43,NULL,6.1500000000000003552,26,5914624);
INSERT INTO track VALUES('2 Minutes To Midnight',44,NULL,5.9800000000000004263,26,8799380);
INSERT INTO track VALUES('Aces High',44,NULL,4.4800000000000004263,26,6635187);
INSERT INTO track VALUES('Back in the Village',44,NULL,5.330000000000000071,26,7696518);
INSERT INTO track VALUES('Duelists',44,NULL,6.0999999999999996447,26,8800686);
INSERT INTO track VALUES('Flash of The Blade',44,NULL,4.0300000000000002486,26,5828861);
INSERT INTO track VALUES('Losfer Words',44,NULL,4.2000000000000001776,26,6074756);
INSERT INTO track VALUES('Powerslave',44,NULL,6.7800000000000002486,26,10921567);
INSERT INTO track VALUES('Rime of the Ancient Mariner',44,NULL,13.599999999999999644,26,19599577);
INSERT INTO track VALUES('2 Minutes To Midnight',45,NULL,6.4299999999999997157,26,8799380);
INSERT INTO track VALUES('Blood Brothers',45,NULL,7.25,26,17422464);
INSERT INTO track VALUES('Brave New World',45,NULL,6.0999999999999996447,26,14676148);
INSERT INTO track VALUES('Ghost Of The Navigator',45,NULL,6.7999999999999998223,26,16345216);
INSERT INTO track VALUES('Intro',45,NULL,1.90999999999999992,26,4638848);
INSERT INTO track VALUES('Sign Of The Cross',45,NULL,10.810000000000000497,26,25966720);
INSERT INTO track VALUES('The Mercenary',45,NULL,4.7000000000000001776,26,11309184);
INSERT INTO track VALUES('The Trooper',45,NULL,4.5499999999999998223,26,6455255);
INSERT INTO track VALUES('The Wicker Man',45,NULL,4.6799999999999997157,26,11272320);
INSERT INTO track VALUES('Wrathchild',45,NULL,3.080000000000000071,26,4410181);
INSERT INTO track VALUES('Dream Of Mirrors',47,NULL,9.6300000000000007815,26,23134336);
INSERT INTO track VALUES('Fear Of The Dark',47,NULL,7.6600000000000001421,26,10361452);
INSERT INTO track VALUES('Hallowed Be Thy Name',47,NULL,7.3799999999999998934,26,10836304);
INSERT INTO track VALUES('Iron Maiden',47,NULL,5.8499999999999996447,26,6289117);
INSERT INTO track VALUES('Run To The Hills',47,NULL,4.8600000000000003197,26,5561241);
INSERT INTO track VALUES('Sanctuary',47,NULL,5.2800000000000002486,26,12695680);
INSERT INTO track VALUES('The Clansman',47,NULL,9.3100000000000004973,26,22370432);
INSERT INTO track VALUES('The Evil That Men Do',47,NULL,4.6600000000000001421,26,11479913);
INSERT INTO track VALUES('The Number Of The Beast',47,NULL,5.0,26,6605094);
INSERT INTO track VALUES('Can I Play With Madness',48,NULL,3.5099999999999997868,26,5118995);
INSERT INTO track VALUES('Infinite Dreams',48,NULL,6.1500000000000003552,26,8858669);
INSERT INTO track VALUES('Moonchild',48,NULL,5.6600000000000001421,26,8179151);
INSERT INTO track VALUES('Only the Good Die Young',48,NULL,4.6600000000000001421,26,6744431);
INSERT INTO track VALUES('Seventh Son of a Seventh Son',48,NULL,9.8800000000000007815,26,14249000);
INSERT INTO track VALUES('The Clairvoyant',48,NULL,4.4500000000000001776,26,6411510);
INSERT INTO track VALUES('The Evil That Men Do',48,NULL,4.5499999999999998223,26,11479913);
INSERT INTO track VALUES('The Prophecy',48,NULL,5.080000000000000071,26,7334450);
INSERT INTO track VALUES('2 A.M.',49,NULL,5.6100000000000003197,26,13511087);
INSERT INTO track VALUES('Blood On The World''s Hands',49,NULL,5.9500000000000001776,26,14313600);
INSERT INTO track VALUES('Fortunes Of War',49,NULL,7.3799999999999998934,26,17760384);
INSERT INTO track VALUES('Judgement Of Heaven',49,NULL,5.2000000000000001776,26,12501120);
INSERT INTO track VALUES('Look For The Truth',49,NULL,5.1600000000000001421,26,12411008);
INSERT INTO track VALUES('Lord Of The Flies',49,NULL,5.0499999999999998223,26,12148864);
INSERT INTO track VALUES('Man On The Edge',49,NULL,4.2099999999999999644,26,10137728);
INSERT INTO track VALUES('Sign Of The Cross',49,NULL,11.30000000000000071,26,25966720);
INSERT INTO track VALUES('The Aftermath',49,NULL,6.330000000000000071,26,15233152);
INSERT INTO track VALUES('The Edge Of Darkness',49,NULL,6.6500000000000003552,26,15974528);
INSERT INTO track VALUES('The Unbeliever',49,NULL,8.1600000000000001421,26,19617920);
INSERT INTO track VALUES('Are You Gonna Be My Girl',50,NULL,3.5499999999999998223,27,6992324);
INSERT INTO track VALUES('Cold Hard Bitch',50,NULL,4.0499999999999998223,27,7929610);
INSERT INTO track VALUES('Come Around Again',50,NULL,4.5,27,8872405);
INSERT INTO track VALUES('Get Me Outta Here',50,NULL,2.9300000000000001598,27,5729098);
INSERT INTO track VALUES('Get What You Need',50,NULL,4.1100000000000003197,27,8043765);
INSERT INTO track VALUES('Last Chance',50,NULL,1.8600000000000000976,27,3683130);
INSERT INTO track VALUES('Lazy Gun',50,NULL,4.7000000000000001776,27,9186285);
INSERT INTO track VALUES('Look What You''ve Done',50,NULL,3.830000000000000071,27,7517083);
INSERT INTO track VALUES('Move On',50,NULL,4.330000000000000071,27,8519353);
INSERT INTO track VALUES('Radio Song',50,NULL,4.5300000000000002486,27,8871509);
INSERT INTO track VALUES('Rollover D.J.',50,NULL,3.2599999999999997868,27,6406517);
INSERT INTO track VALUES('Take It Or Leave It',50,NULL,2.3599999999999998756,27,4643370);
INSERT INTO track VALUES('Timothy',50,NULL,4.5,27,8856507);
INSERT INTO track VALUES('Blow Your Mind',51,NULL,8.5299999999999993605,28,17089176);
INSERT INTO track VALUES('Didgin'' Out',51,NULL,2.6099999999999998756,28,5263555);
INSERT INTO track VALUES('Emergency On Planet Earth',51,NULL,4.080000000000000071,28,8117218);
INSERT INTO track VALUES('Hooked Up',51,NULL,4.580000000000000071,28,9301687);
INSERT INTO track VALUES('Music Of The Wind',51,NULL,6.3799999999999998934,28,12870239);
INSERT INTO track VALUES('Revolution 1993',51,NULL,10.259999999999999786,28,20816872);
INSERT INTO track VALUES('Too Young To Die',51,NULL,6.080000000000000071,28,12391660);
INSERT INTO track VALUES('When You Gonna Learn (Digeridoo)',51,NULL,3.830000000000000071,28,7655482);
INSERT INTO track VALUES('Black Capricorn Day',52,NULL,5.6799999999999997157,28,11477231);
INSERT INTO track VALUES('Butterfly',52,NULL,4.4599999999999999644,28,8947356);
INSERT INTO track VALUES('Canned Heat',52,NULL,5.5099999999999997868,28,11042037);
INSERT INTO track VALUES('Deeper Underground',52,NULL,4.6799999999999997157,28,9351277);
INSERT INTO track VALUES('Destitute Illusions',52,NULL,5.6600000000000001421,28,11452651);
INSERT INTO track VALUES('Failling',52,NULL,3.75,28,7503999);
INSERT INTO track VALUES('King For A Day',52,NULL,3.6800000000000001598,28,7335693);
INSERT INTO track VALUES('Planet Home',52,NULL,4.7300000000000004263,28,9566237);
INSERT INTO track VALUES('Soul Education',52,NULL,4.25,28,8575435);
INSERT INTO track VALUES('Supersonic',52,NULL,5.25,28,10699265);
INSERT INTO track VALUES('Were Do We Go From Here',52,NULL,5.2099999999999999644,28,10504158);
INSERT INTO track VALUES('Half The Man',53,NULL,4.8099999999999996092,28,9577679);
INSERT INTO track VALUES('Journey To Arnhemland',53,NULL,5.3600000000000003197,28,10843832);
INSERT INTO track VALUES('Just Another Story',53,NULL,8.8100000000000004973,28,17582818);
INSERT INTO track VALUES('Light Years',53,NULL,5.9000000000000003552,28,11796244);
INSERT INTO track VALUES('Manifest Destiny',53,NULL,6.3600000000000003197,28,12676962);
INSERT INTO track VALUES('Morning Glory',53,NULL,6.4000000000000003552,28,12777210);
INSERT INTO track VALUES('Mr. Moon',53,NULL,5.4800000000000004263,28,11043559);
INSERT INTO track VALUES('Scam',53,NULL,7.0300000000000002486,28,14019705);
INSERT INTO track VALUES('Space Cowboy',53,NULL,6.4100000000000001421,28,12906520);
INSERT INTO track VALUES('Stillness In Time',53,NULL,4.2800000000000002486,28,8644290);
INSERT INTO track VALUES('The Kids',53,NULL,5.1500000000000003552,28,10334529);
INSERT INTO track VALUES('51st Anniversary',54,NULL,3.2599999999999997868,29,6398044);
INSERT INTO track VALUES('Are You Experienced?',54,NULL,4.2300000000000004263,29,8292497);
INSERT INTO track VALUES('Can You See Me',54,NULL,2.5400000000000000355,29,4987068);
INSERT INTO track VALUES('Fire',54,NULL,2.7299999999999999822,29,5383075);
INSERT INTO track VALUES('Foxy Lady',54,NULL,3.3100000000000000532,29,6480896);
INSERT INTO track VALUES('Hey Joe',54,NULL,3.5,29,6870054);
INSERT INTO track VALUES('Highway Chile',54,NULL,3.5299999999999998046,29,6887949);
INSERT INTO track VALUES('I Don''t Live Today',54,NULL,3.9100000000000001421,29,7661214);
INSERT INTO track VALUES('Love Or Confusion',54,NULL,3.2099999999999999644,29,6329408);
INSERT INTO track VALUES('Manic Depression',54,NULL,3.7000000000000001776,29,7289272);
INSERT INTO track VALUES('May This Be Love',54,NULL,3.1800000000000001598,29,6240028);
INSERT INTO track VALUES('Purple Haze',54,NULL,2.8500000000000000888,29,5597056);
INSERT INTO track VALUES('Red House',54,NULL,3.7299999999999999822,29,7285851);
INSERT INTO track VALUES('Remember',54,NULL,2.7999999999999998223,29,5509613);
INSERT INTO track VALUES('Stone Free',54,NULL,3.6000000000000000888,29,7002331);
INSERT INTO track VALUES('The Wind Cries Mary',54,NULL,3.330000000000000071,29,6540638);
INSERT INTO track VALUES('Third Stone From The Sun',54,NULL,6.7300000000000004263,29,13186975);
INSERT INTO track VALUES('Breaking The Law (Live)',55,NULL,2.3999999999999999111,30,4728246);
INSERT INTO track VALUES('Diamonds And Rust (Live)',55,NULL,3.6499999999999999111,30,7163147);
INSERT INTO track VALUES('Electric Eye',55,NULL,3.7000000000000001776,30,7231368);
INSERT INTO track VALUES('Freewheel Burning',55,NULL,4.4100000000000001421,30,8713599);
INSERT INTO track VALUES('Heading Out To The Highway (Live)',55,NULL,4.5899999999999998578,30,9006022);
INSERT INTO track VALUES('Hot Rockin''',55,NULL,3.2799999999999998046,30,6509179);
INSERT INTO track VALUES('Living After Midnight',55,NULL,3.5499999999999998223,30,7056785);
INSERT INTO track VALUES('Metal Meltdown',55,NULL,4.830000000000000071,30,9390646);
INSERT INTO track VALUES('Ram It Down',55,NULL,4.8600000000000003197,30,9554023);
INSERT INTO track VALUES('Some Heads Are Gonna Roll',55,NULL,4.1500000000000003552,30,8198617);
INSERT INTO track VALUES('The Green Manalishi',55,NULL,3.4100000000000001421,30,6720789);
INSERT INTO track VALUES('The Hellion',55,NULL,0.68000000000000004884,30,1351993);
INSERT INTO track VALUES('Turbo Lover',55,NULL,5.580000000000000071,30,11068866);
INSERT INTO track VALUES('Tyrant (Live)',55,NULL,4.7000000000000001776,30,9190536);
INSERT INTO track VALUES('Victim Of Change (Live)',55,NULL,7.1600000000000001421,30,14067512);
INSERT INTO track VALUES('You''ve Got Another Thing Comin''',55,NULL,5.080000000000000071,30,9962558);
INSERT INTO track VALUES('Beth',56,NULL,2.7599999999999997868,31,5360574);
INSERT INTO track VALUES('Black Diamond',56,NULL,5.2300000000000004263,31,10266007);
INSERT INTO track VALUES('Calling Dr. Love',56,NULL,3.75,31,7395034);
INSERT INTO track VALUES('Cold Gin',56,NULL,4.3600000000000003197,31,8609783);
INSERT INTO track VALUES('Detroit Rock City',56,NULL,3.6299999999999998934,31,7146372);
INSERT INTO track VALUES('Deuce',56,NULL,3.080000000000000071,31,6097210);
INSERT INTO track VALUES('Do You Love Me',56,NULL,3.5600000000000000532,31,6976194);
INSERT INTO track VALUES('God Gave Rock ''n'' Roll To You',56,NULL,5.330000000000000071,31,10441590);
INSERT INTO track VALUES('God Of Thunder',56,NULL,4.25,31,8309077);
INSERT INTO track VALUES('Goin'' Blind',56,NULL,3.6000000000000000888,31,7045314);
INSERT INTO track VALUES('Hard Luck Woman',56,NULL,3.6000000000000000888,31,7109267);
INSERT INTO track VALUES('I Was Made For Loving You',56,NULL,4.5099999999999997868,31,9018078);
INSERT INTO track VALUES('Love Gun',56,NULL,3.2599999999999997868,31,6424915);
INSERT INTO track VALUES('Plaster Caster',56,NULL,3.4500000000000001776,31,6801116);
INSERT INTO track VALUES('Rock And Roll All Nite',56,NULL,2.8799999999999998934,31,5735902);
INSERT INTO track VALUES('She',56,NULL,4.1299999999999998934,31,4425128);
INSERT INTO track VALUES('Shock Me',56,NULL,3.7799999999999998046,31,7529336);
INSERT INTO track VALUES('Shout It Out Loud',56,NULL,3.6499999999999999111,31,7194424);
INSERT INTO track VALUES('Strutter',56,NULL,3.2000000000000001776,31,6317021);
INSERT INTO track VALUES('Sure Know Something',56,NULL,4.0300000000000002486,31,7939886);
INSERT INTO track VALUES('A World Without Heroes',57,NULL,2.9500000000000001776,31,5832524);
INSERT INTO track VALUES('Beth',57,NULL,2.830000000000000071,31,5360574);
INSERT INTO track VALUES('Comin'' Home',57,NULL,2.8599999999999998756,31,5661120);
INSERT INTO track VALUES('Do You Love Me',57,NULL,3.2099999999999999644,31,6976194);
INSERT INTO track VALUES('Domino',57,NULL,3.7599999999999997868,31,7488191);
INSERT INTO track VALUES('Every Time I Look At You',57,NULL,4.7099999999999999644,31,9290948);
INSERT INTO track VALUES('Goin'' Blind',57,NULL,3.6099999999999998756,31,7045314);
INSERT INTO track VALUES('I Still Love You',57,NULL,6.1500000000000003552,31,12086145);
INSERT INTO track VALUES('Nothin'' To Lose',57,NULL,3.7000000000000001776,31,7351460);
INSERT INTO track VALUES('Plaster Caster',57,NULL,3.2999999999999998223,31,6801116);
INSERT INTO track VALUES('Rock And Roll All Nite',57,NULL,4.3099999999999996092,31,5735902);
INSERT INTO track VALUES('Rock Bottom',57,NULL,3.330000000000000071,31,6560818);
INSERT INTO track VALUES('See You Tonight',57,NULL,2.4300000000000001598,31,4817521);
INSERT INTO track VALUES('Sure Know Something',57,NULL,4.2300000000000004263,31,7939886);
INSERT INTO track VALUES('Communication Breakdown',58,NULL,3.2000000000000001776,32,6287257);
INSERT INTO track VALUES('Communication Breakdown(2)',58,NULL,2.6800000000000001598,32,5261022);
INSERT INTO track VALUES('Communication Breakdown(3)',58,NULL,3.080000000000000071,32,6041133);
INSERT INTO track VALUES('Dazed and Confused',58,NULL,6.6799999999999997157,32,13035765);
INSERT INTO track VALUES('How Many More Times',58,NULL,11.849999999999999644,32,23092953);
INSERT INTO track VALUES('I Can''t Quit You Baby',58,NULL,4.3799999999999998934,32,8581414);
INSERT INTO track VALUES('I Can''t Quit You Baby(2)',58,NULL,6.330000000000000071,32,12377615);
INSERT INTO track VALUES('Somethin'' Else',58,NULL,2.1099999999999998756,32,4165650);
INSERT INTO track VALUES('The Girl I Love She Got Long Black Wavy Hair',58,NULL,3.0499999999999998223,32,5995686);
INSERT INTO track VALUES('Travelling Riverside Blues',58,NULL,5.2000000000000001776,32,10232581);
INSERT INTO track VALUES('What is and Should Never Be',58,NULL,4.330000000000000071,32,8497116);
INSERT INTO track VALUES('Whole Lotta Love',58,NULL,6.2099999999999999644,32,12258175);
INSERT INTO track VALUES('You Shook Me',58,NULL,5.25,32,10249958);
INSERT INTO track VALUES('You Shook Me(2)',58,NULL,10.310000000000000497,32,20138673);
INSERT INTO track VALUES('Black Dog',59,NULL,5.2800000000000002486,32,10267572);
INSERT INTO track VALUES('Dazed And Confused',59,NULL,18.600000000000001421,32,36052247);
INSERT INTO track VALUES('Going To California',59,NULL,3.8999999999999999111,32,7646749);
INSERT INTO track VALUES('Heartbreaker',59,NULL,5.2599999999999997868,32,10179657);
INSERT INTO track VALUES('Immigrant Song',59,NULL,3.3500000000000000888,32,6457766);
INSERT INTO track VALUES('Since I''ve Been Loving You',59,NULL,6.9299999999999997157,32,13471959);
INSERT INTO track VALUES('Stairway To Heaven',59,NULL,8.8100000000000004973,32,17050485);
INSERT INTO track VALUES('Thank You',59,NULL,6.6299999999999998934,32,12831826);
INSERT INTO track VALUES('That''s The Way',59,NULL,5.7099999999999999644,32,11248455);
INSERT INTO track VALUES('Whole Lotta Love (Medley)',59,NULL,13.75,32,26742545);
INSERT INTO track VALUES('D''Yer Mak''er',60,NULL,4.3600000000000003197,32,8645935);
INSERT INTO track VALUES('Dancing Days',60,NULL,3.7099999999999999644,32,7250104);
INSERT INTO track VALUES('No Quarter',60,NULL,7.0,32,13656517);
INSERT INTO track VALUES('Over The Hills And Far Away',60,NULL,4.830000000000000071,32,9552829);
INSERT INTO track VALUES('The Crunge',60,NULL,3.2799999999999998046,32,6460212);
INSERT INTO track VALUES('The Ocean',60,NULL,4.5099999999999997868,32,8846469);
INSERT INTO track VALUES('The Rain Song',60,NULL,7.6500000000000003552,32,15029875);
INSERT INTO track VALUES('The Song Remains The Same',60,NULL,5.5,32,10708950);
INSERT INTO track VALUES('All My Love',61,NULL,5.9299999999999997157,32,8027065);
INSERT INTO track VALUES('Carouselambra',61,NULL,10.560000000000000497,32,20858315);
INSERT INTO track VALUES('Fool In The Rain',61,NULL,6.2000000000000001776,32,12371433);
INSERT INTO track VALUES('Hot Dog',61,NULL,3.2799999999999998046,32,6536167);
INSERT INTO track VALUES('I''m Gonna Crawl',61,NULL,5.4800000000000004263,32,10737665);
INSERT INTO track VALUES('In The Evening',61,NULL,6.830000000000000071,32,13399734);
INSERT INTO track VALUES('South Bound Saurez',61,NULL,4.2300000000000004263,32,8420427);
INSERT INTO track VALUES('Babe I''m Gonna Leave You',62,NULL,6.6799999999999997157,32,13189312);
INSERT INTO track VALUES('Black Mountain Side',62,NULL,2.2000000000000001776,32,4440602);
INSERT INTO track VALUES('Communication Breakdown',62,NULL,2.5,32,6287257);
INSERT INTO track VALUES('Dazed and Confused',62,NULL,6.4299999999999997157,32,13035765);
INSERT INTO track VALUES('Good Times Bad Times',62,NULL,2.7599999999999997868,32,5464077);
INSERT INTO track VALUES('How Many More Times',62,NULL,8.4600000000000008526,32,23092953);
INSERT INTO track VALUES('I Can''t Quit You Baby',62,NULL,4.7000000000000001776,32,8581414);
INSERT INTO track VALUES('You Shook Me',62,NULL,6.4599999999999999644,32,10249958);
INSERT INTO track VALUES('Your Time Is Gonna Come',62,NULL,4.5599999999999996092,32,9011653);
INSERT INTO track VALUES('Bring It On Home',63,NULL,4.3099999999999996092,32,8494731);
INSERT INTO track VALUES('Heartbreaker',63,NULL,4.2099999999999999644,32,10179657);
INSERT INTO track VALUES('Living Loving Maid (She''s Just A Woman)',63,NULL,2.6499999999999999111,32,5219819);
INSERT INTO track VALUES('Moby Dick',63,NULL,4.330000000000000071,32,8664210);
INSERT INTO track VALUES('Ramble On',63,NULL,4.580000000000000071,32,9199710);
INSERT INTO track VALUES('Thank You',63,NULL,4.7800000000000002486,32,12831826);
INSERT INTO track VALUES('The Lemon Song',63,NULL,6.3099999999999996092,32,12463496);
INSERT INTO track VALUES('What Is And What Should Never Be',63,NULL,4.7800000000000002486,32,9369385);
INSERT INTO track VALUES('Whole Lotta Love',63,NULL,5.5599999999999996092,32,12258175);
INSERT INTO track VALUES('Bron-Y-Aur Stomp',64,NULL,4.3099999999999996092,32,8674508);
INSERT INTO track VALUES('Celebration Day',64,NULL,3.4799999999999999822,32,6871078);
INSERT INTO track VALUES('Friends',64,NULL,3.8799999999999998934,32,7694220);
INSERT INTO track VALUES('Gallows Pole',64,NULL,4.9299999999999997157,32,9757151);
INSERT INTO track VALUES('Hats Off To (Roy) Harper',64,NULL,3.6499999999999999111,32,7236640);
INSERT INTO track VALUES('Immigrant Song',64,NULL,2.3999999999999999111,32,6457766);
INSERT INTO track VALUES('Out On The Tiles',64,NULL,4.0899999999999998578,32,8060350);
INSERT INTO track VALUES('Since I''ve Been Loving You',64,NULL,7.4000000000000003552,32,13471959);
INSERT INTO track VALUES('Tangerine',64,NULL,3.1499999999999999111,32,6200893);
INSERT INTO track VALUES('That''s The Way',64,NULL,5.6100000000000003197,32,11248455);
INSERT INTO track VALUES('Custard Pie',65,NULL,4.2099999999999999644,32,8348257);
INSERT INTO track VALUES('Houses Of The Holy',65,NULL,4.0300000000000002486,32,7972503);
INSERT INTO track VALUES('In My Time Of Dying',65,NULL,11.099999999999999644,32,21676727);
INSERT INTO track VALUES('Kashmir',65,NULL,8.4600000000000008526,32,16686580);
INSERT INTO track VALUES('The Rover',65,NULL,5.6100000000000003197,32,11011286);
INSERT INTO track VALUES('Trampled Under Foot',65,NULL,5.5999999999999996447,32,11154468);
INSERT INTO track VALUES('Black Country Woman',66,NULL,4.5499999999999998223,32,8951732);
INSERT INTO track VALUES('Boogie With Stu',66,NULL,3.8799999999999998934,32,7657086);
INSERT INTO track VALUES('Bron-Yr-Aur',66,NULL,2.1000000000000000888,32,4150746);
INSERT INTO track VALUES('Down By The Seaside',66,NULL,5.2599999999999997868,32,10371282);
INSERT INTO track VALUES('In The Light',66,NULL,8.7599999999999997868,32,17033046);
INSERT INTO track VALUES('Night Flight',66,NULL,3.6099999999999998756,32,7160647);
INSERT INTO track VALUES('Sick Again',66,NULL,4.7099999999999999644,32,9279263);
INSERT INTO track VALUES('Ten Years Gone',66,NULL,6.5499999999999998223,32,12756366);
INSERT INTO track VALUES('The Wanton Song',66,NULL,4.1500000000000003552,32,8180988);
INSERT INTO track VALUES('Ainda É Cedo',67,NULL,3.9300000000000001598,33,7796400);
INSERT INTO track VALUES('Antes Das Seis',67,NULL,3.1499999999999999111,33,6296531);
INSERT INTO track VALUES('Dezesseis',67,NULL,5.3499999999999996447,33,10501773);
INSERT INTO track VALUES('Eduardo E Mônica',67,NULL,4.5099999999999997868,33,9026691);
INSERT INTO track VALUES('Faroeste Caboclo',67,NULL,9.0500000000000007105,33,18092739);
INSERT INTO track VALUES('Geração Coca-Cola',67,NULL,2.3500000000000000888,33,4625731);
INSERT INTO track VALUES('Giz',67,NULL,3.3599999999999998756,33,6677671);
INSERT INTO track VALUES('Há Tempos',67,NULL,3.2799999999999998046,33,6432922);
INSERT INTO track VALUES('Indios',67,NULL,4.2999999999999998223,33,8610226);
INSERT INTO track VALUES('Meninos E Meninas',67,NULL,3.3799999999999998934,33,6667802);
INSERT INTO track VALUES('Pais E Filhos',67,NULL,5.1299999999999998934,33,10130685);
INSERT INTO track VALUES('Perfeição',67,NULL,4.5899999999999998578,33,9258489);
INSERT INTO track VALUES('Que País É Este',67,NULL,2.9500000000000001776,33,5822124);
INSERT INTO track VALUES('Será',67,NULL,2.4599999999999999644,33,4826528);
INSERT INTO track VALUES('Tempo Perdido',67,NULL,5.0300000000000002486,33,9963914);
INSERT INTO track VALUES('Vento No Litoral',67,NULL,6.0999999999999996447,33,12063806);
INSERT INTO track VALUES('Bitter Suite: Brief Encounter / Lost Weekend / Blue Angel',68,NULL,5.9299999999999997157,34,11791068);
INSERT INTO track VALUES('Blind Curve: Vocal Under A Bloodlight / Passing Strangers / Mylo / Perimeter Walk / Threshold',68,NULL,9.4800000000000004263,34,18578995);
INSERT INTO track VALUES('Childhoods End?',68,NULL,4.5300000000000002486,34,9015366);
INSERT INTO track VALUES('Heart Of Lothian: Wide Boy / Curtain Call',68,NULL,6.0999999999999996447,34,11893723);
INSERT INTO track VALUES('Kayleigh',68,NULL,3.8999999999999999111,34,7716005);
INSERT INTO track VALUES('Lavender',68,NULL,2.5400000000000000355,34,4999814);
INSERT INTO track VALUES('Lords Of The Backstage',68,NULL,1.8600000000000000976,34,3741319);
INSERT INTO track VALUES('Pseudo Silk Kimono',68,NULL,2.2299999999999999822,34,4334038);
INSERT INTO track VALUES('Waterhole (Expresso Bongo)',68,NULL,2.2099999999999999644,34,4378835);
INSERT INTO track VALUES('White Feather',68,NULL,2.3799999999999998934,34,4711776);
INSERT INTO track VALUES('Be Good Johnny',69,NULL,3.6000000000000000888,35,7139814);
INSERT INTO track VALUES('Down Under',69,NULL,3.7000000000000001776,35,7366142);
INSERT INTO track VALUES('Down by the Sea',69,NULL,6.7999999999999998223,35,13314900);
INSERT INTO track VALUES('Dr. Heckyll & Mr. Jive',69,NULL,4.6299999999999998934,35,9110403);
INSERT INTO track VALUES('Everything I Need',69,NULL,3.6000000000000000888,35,7107625);
INSERT INTO track VALUES('It''s a Mistake',69,NULL,4.5499999999999998223,35,8979965);
INSERT INTO track VALUES('No Sign of Yesterday',69,NULL,6.0300000000000002486,35,11829011);
INSERT INTO track VALUES('Overkill',69,NULL,3.75,35,7408652);
INSERT INTO track VALUES('Shakes and Ladders',69,NULL,3.2999999999999998223,35,6560753);
INSERT INTO track VALUES('Who Can It Be Now?',69,NULL,3.3599999999999998756,35,6682850);
INSERT INTO track VALUES('Astronomy',70,NULL,6.6100000000000003197,36,13065612);
INSERT INTO track VALUES('Die Die My Darling',70,NULL,2.4799999999999999822,36,4867667);
INSERT INTO track VALUES('Free Speech For The Dumb',70,NULL,2.580000000000000071,36,5076048);
INSERT INTO track VALUES('It''s Electric',70,NULL,3.5499999999999998223,36,6978601);
INSERT INTO track VALUES('Loverman',70,NULL,7.8600000000000003197,36,15446975);
INSERT INTO track VALUES('Mercyful Fate',70,NULL,11.179999999999999715,36,21942829);
INSERT INTO track VALUES('Sabbra Cadabra',70,NULL,6.330000000000000071,36,12418147);
INSERT INTO track VALUES('The More I See',70,NULL,4.7800000000000002486,36,9378873);
INSERT INTO track VALUES('Tuesday''s Gone',70,NULL,9.080000000000000071,36,17900787);
INSERT INTO track VALUES('Turn The Page',70,NULL,6.0999999999999996447,36,11946327);
INSERT INTO track VALUES('Whiskey In The Jar',70,NULL,5.080000000000000071,36,9943129);
INSERT INTO track VALUES('Am I Evil?',71,NULL,7.830000000000000071,36,15387219);
INSERT INTO track VALUES('Blitzkrieg',71,NULL,3.6000000000000000888,36,7090018);
INSERT INTO track VALUES('Breadfan',71,NULL,5.6799999999999997157,36,11100130);
INSERT INTO track VALUES('Crash Course In Brain Surgery',71,NULL,3.1600000000000001421,36,6233729);
INSERT INTO track VALUES('Damage Case',71,NULL,3.6600000000000001421,36,7212997);
INSERT INTO track VALUES('Helpless',71,NULL,6.6299999999999998934,36,12977902);
INSERT INTO track VALUES('Killing Time',71,NULL,3.0499999999999998223,36,6021197);
INSERT INTO track VALUES('Last Caress/Green Hell',71,NULL,3.4799999999999999822,36,6854313);
INSERT INTO track VALUES('Overkill',71,NULL,4.080000000000000071,36,7408652);
INSERT INTO track VALUES('So What',71,NULL,3.1499999999999999111,36,6162894);
INSERT INTO track VALUES('Stone Cold Crazy',71,NULL,2.2799999999999998046,36,4514830);
INSERT INTO track VALUES('Stone Dead Forever',71,NULL,4.8600000000000003197,36,9556060);
INSERT INTO track VALUES('The Prince',71,NULL,4.4100000000000001421,36,8624492);
INSERT INTO track VALUES('The Small Hours',71,NULL,6.7099999999999999644,36,13215133);
INSERT INTO track VALUES('The Wait',71,NULL,4.9100000000000001421,36,9688418);
INSERT INTO track VALUES('Too Late Too Late',71,NULL,3.2000000000000001776,36,6276291);
INSERT INTO track VALUES('(Anesthesia) Pulling Teeth',72,NULL,4.2300000000000004263,36,8234710);
INSERT INTO track VALUES('Hit The Lights',72,NULL,4.2800000000000002486,36,8357088);
INSERT INTO track VALUES('Jump In The Fire',72,NULL,4.6799999999999997157,36,9135755);
INSERT INTO track VALUES('Metal Militia',72,NULL,5.1799999999999997157,36,10141785);
INSERT INTO track VALUES('Motorbreath',72,NULL,3.1299999999999998934,36,6153933);
INSERT INTO track VALUES('No Remorse',72,NULL,6.4299999999999997157,36,12672166);
INSERT INTO track VALUES('Phantom Lord',72,NULL,5.0300000000000002486,36,9817143);
INSERT INTO track VALUES('Seek & Destroy',72,NULL,6.9100000000000001421,36,13452301);
INSERT INTO track VALUES('The Four Horsemen',72,NULL,7.2099999999999999644,36,14178138);
INSERT INTO track VALUES('Whiplash',72,NULL,4.1500000000000003552,36,8102839);
INSERT INTO track VALUES('Battery',73,NULL,5.2000000000000001776,36,10229577);
INSERT INTO track VALUES('Damage Inc.',73,NULL,5.5,36,10725029);
INSERT INTO track VALUES('Disposable Heroes',73,NULL,8.2599999999999997868,36,16135560);
INSERT INTO track VALUES('Leper Messiah',73,NULL,5.7800000000000002486,36,11310434);
INSERT INTO track VALUES('Master Of Puppets',73,NULL,8.580000000000000071,36,14375310);
INSERT INTO track VALUES('Orion',73,NULL,8.330000000000000071,36,16378477);
INSERT INTO track VALUES('The Thing That Should Not Be',73,NULL,6.5999999999999996447,36,12952368);
INSERT INTO track VALUES('Welcome Home (Sanitarium)',73,NULL,6.4500000000000001776,36,11406431);
INSERT INTO track VALUES('Creeping Death',74,NULL,6.5999999999999996447,36,10110980);
INSERT INTO track VALUES('Escape',74,NULL,4.4000000000000003552,36,8652332);
INSERT INTO track VALUES('Fade To Black',74,NULL,6.9000000000000003552,36,13531954);
INSERT INTO track VALUES('Fight Fire With Fire',74,NULL,4.75,36,9420856);
INSERT INTO track VALUES('For Whom The Bell Tolls',74,NULL,5.1799999999999997157,36,10159725);
INSERT INTO track VALUES('Ride The Lightning',74,NULL,6.6100000000000003197,36,13055884);
INSERT INTO track VALUES('The Call Of Ktulu',74,NULL,8.9000000000000003552,36,17486240);
INSERT INTO track VALUES('Trapped Under Ice',74,NULL,4.0599999999999996092,36,7975942);
INSERT INTO track VALUES('Blues For Pablo',75,NULL,5.2999999999999998223,37,10218398);
INSERT INTO track VALUES('Blues For Pablo (Alternate Take)',75,NULL,3.5299999999999998046,37,6900619);
INSERT INTO track VALUES('I Don''t Wanna Be Kissed (By Anyone But You)',75,NULL,3.1800000000000001598,37,6219487);
INSERT INTO track VALUES('I Don''t Wanna Be Kissed (By Anyone But You) (Alternate Take)',75,NULL,3.2000000000000001776,37,6254796);
INSERT INTO track VALUES('Lament',75,NULL,2.2299999999999999822,37,4293394);
INSERT INTO track VALUES('Miles Ahead',75,NULL,3.4799999999999999822,37,6807707);
INSERT INTO track VALUES('My Ship',75,NULL,4.4599999999999999644,37,8581144);
INSERT INTO track VALUES('New Rhumba',75,NULL,4.5899999999999998578,37,8980400);
INSERT INTO track VALUES('Springsville',75,NULL,3.4500000000000001776,37,6776219);
INSERT INTO track VALUES('Springsville (Alternate Take)',75,NULL,3.2599999999999997868,37,6382079);
INSERT INTO track VALUES('The Duke',75,NULL,3.5600000000000000532,37,6977626);
INSERT INTO track VALUES('The Maids Of Cadiz',75,NULL,3.8799999999999998934,37,7505275);
INSERT INTO track VALUES('The Meaning Of The Blues',75,NULL,2.7999999999999998223,37,5395412);
INSERT INTO track VALUES('The Meaning Of The Blues/Lament (Alternate Take)',75,NULL,5.1500000000000003552,37,9912387);
INSERT INTO track VALUES('Afraid',76,NULL,4.1299999999999998934,38,8077464);
INSERT INTO track VALUES('Bitter Pill',76,NULL,4.4299999999999997157,38,8666786);
INSERT INTO track VALUES('Don''t Go Away Mad (Just Go Away)',76,NULL,4.6500000000000003552,38,9188156);
INSERT INTO track VALUES('Dr. Feelgood',76,NULL,4.7000000000000001776,38,9281875);
INSERT INTO track VALUES('Enslaved',76,NULL,4.4800000000000004263,38,8789966);
INSERT INTO track VALUES('Glitter',76,NULL,5.6600000000000001421,38,11184094);
INSERT INTO track VALUES('Home Sweet Home',76,NULL,3.9300000000000001598,38,7697538);
INSERT INTO track VALUES('Kickstart My Heart',76,NULL,4.7099999999999999644,38,9237736);
INSERT INTO track VALUES('Looks That Kill',76,NULL,4.0,38,7831122);
INSERT INTO track VALUES('Primal Scream',76,NULL,4.7599999999999997868,38,9421164);
INSERT INTO track VALUES('Same Ol'' Situation',76,NULL,4.2300000000000004263,38,8283958);
INSERT INTO track VALUES('Shout At The Devil',76,NULL,3.6800000000000001598,38,7281974);
INSERT INTO track VALUES('Smokin'' in The Boys Room',76,NULL,3.4300000000000001598,38,6735408);
INSERT INTO track VALUES('Too Fast For Love',76,NULL,3.330000000000000071,38,6580542);
INSERT INTO track VALUES('Wild Side',76,NULL,4.5899999999999998578,38,9116997);
INSERT INTO track VALUES('Without You',76,NULL,4.4599999999999999644,38,8738371);
INSERT INTO track VALUES('Aneurysm',77,NULL,4.5099999999999997868,39,8862545);
INSERT INTO track VALUES('Been A Son',77,NULL,2.1099999999999998756,39,4170369);
INSERT INTO track VALUES('Blew',77,NULL,3.6000000000000000888,39,7096936);
INSERT INTO track VALUES('Breed',77,NULL,3.4599999999999999644,39,6759080);
INSERT INTO track VALUES('Drain You',77,NULL,3.580000000000000071,39,7013175);
INSERT INTO track VALUES('Heart-Shaped Box',77,NULL,4.6799999999999997157,39,9210982);
INSERT INTO track VALUES('Intro',77,NULL,0.85999999999999998667,39,4638848);
INSERT INTO track VALUES('Lithium',77,NULL,4.1600000000000001421,39,8148800);
INSERT INTO track VALUES('Milk It',77,NULL,3.75,39,7406945);
INSERT INTO track VALUES('Negative Creep',77,NULL,2.7099999999999999644,39,5354854);
INSERT INTO track VALUES('Polly',77,NULL,2.4799999999999999822,39,4885331);
INSERT INTO track VALUES('Scentless Apprentice',77,NULL,3.5099999999999997868,39,6898177);
INSERT INTO track VALUES('School',77,NULL,2.6600000000000001421,39,5234885);
INSERT INTO track VALUES('Sliver',77,NULL,1.9299999999999999378,39,3784567);
INSERT INTO track VALUES('Smells Like Teen Spirit',77,NULL,4.7800000000000002486,39,9425215);
INSERT INTO track VALUES('Spank Thru',77,NULL,3.1600000000000001421,39,6186487);
INSERT INTO track VALUES('Tourette''s',77,NULL,1.90999999999999992,39,3753246);
INSERT INTO track VALUES('Breed',78,NULL,3.0499999999999998223,39,6759080);
INSERT INTO track VALUES('Come As You Are',78,NULL,3.6499999999999999111,39,7123357);
INSERT INTO track VALUES('Drain You',78,NULL,3.7099999999999999644,39,7013175);
INSERT INTO track VALUES('In Bloom',78,NULL,4.2300000000000004263,39,8327077);
INSERT INTO track VALUES('Lithium',78,NULL,4.2599999999999997868,39,8148800);
INSERT INTO track VALUES('Lounge Act',78,NULL,2.6000000000000000888,39,5093635);
INSERT INTO track VALUES('On A Plain',78,NULL,3.2599999999999997868,39,6390635);
INSERT INTO track VALUES('Polly',78,NULL,2.9500000000000001776,39,4885331);
INSERT INTO track VALUES('Smells Like Teen Spirit',78,NULL,5.0099999999999997868,39,9425215);
INSERT INTO track VALUES('Something In The Way',78,NULL,3.830000000000000071,39,7472168);
INSERT INTO track VALUES('Stay Away',78,NULL,3.5299999999999998046,39,6956404);
INSERT INTO track VALUES('Territorial Pissings',78,NULL,2.3799999999999998934,39,4613880);
INSERT INTO track VALUES('Cartao Postal',79,NULL,3.5099999999999997868,40,7082301);
INSERT INTO track VALUES('Denúncia',79,NULL,2.6499999999999999111,40,5327433);
INSERT INTO track VALUES('Faraó Divindade Do Egito',79,NULL,3.7999999999999998223,40,7523278);
INSERT INTO track VALUES('Jeito Faceiro',79,NULL,3.6099999999999998756,40,7233608);
INSERT INTO track VALUES('Madagáscar Olodum',79,NULL,4.2000000000000001776,40,8270584);
INSERT INTO track VALUES('Nossa Gente (Avisa Là)',79,NULL,3.1299999999999998934,40,6233201);
INSERT INTO track VALUES('Olodum - Alegria Geral',79,NULL,3.8799999999999998934,40,7754245);
INSERT INTO track VALUES('Olodum - Smile (Instrumental)',79,NULL,3.9100000000000001421,40,7871409);
INSERT INTO track VALUES('Protesto Do Olodum (Ao Vivo)',79,NULL,3.4300000000000001598,40,6766104);
INSERT INTO track VALUES('Reggae Odoyá',79,NULL,3.7299999999999999822,40,7499807);
INSERT INTO track VALUES('Requebra',79,NULL,4.0,40,8010811);
INSERT INTO track VALUES('Revolta Olodum',79,NULL,3.830000000000000071,40,7557065);
INSERT INTO track VALUES('Todo Amor (Asas Da Liberdade)',79,NULL,4.080000000000000071,40,8121434);
INSERT INTO track VALUES('A E O Z',80,NULL,8.6300000000000007815,41,16873005);
INSERT INTO track VALUES('Ando Meio Desligado',80,NULL,4.7800000000000002486,41,9484504);
INSERT INTO track VALUES('Baby',80,NULL,2.9500000000000001776,41,5798202);
INSERT INTO track VALUES('Balada Do Louco',80,NULL,4.0099999999999997868,41,7852328);
INSERT INTO track VALUES('Banho De Lua',80,NULL,3.6800000000000001598,41,7232123);
INSERT INTO track VALUES('Bat Macumba',80,NULL,3.1099999999999998756,41,6295223);
INSERT INTO track VALUES('Chão De Estrelas',80,NULL,4.7300000000000004263,41,9433620);
INSERT INTO track VALUES('Desculpe Babe',80,NULL,2.830000000000000071,41,5637959);
INSERT INTO track VALUES('Meu Refrigerador Não Funciona',80,NULL,6.3600000000000003197,41,12495906);
INSERT INTO track VALUES('Panis Et Circenses',80,NULL,2.080000000000000071,41,4069688);
INSERT INTO track VALUES('Rita Lee',80,NULL,3.1499999999999999111,41,6270503);
INSERT INTO track VALUES('Top Top',80,NULL,2.4300000000000001598,41,4875374);
INSERT INTO track VALUES('Vida De Cachorro',80,NULL,3.25,41,6411149);
INSERT INTO track VALUES('Alagados',81,NULL,5.0300000000000002486,42,10255463);
INSERT INTO track VALUES('Caleidoscópio',81,NULL,3.5099999999999997868,42,7000017);
INSERT INTO track VALUES('Cinema Mudo',81,NULL,3.7799999999999998046,42,7612168);
INSERT INTO track VALUES('Lanterna Dos Afogados',81,NULL,3.1600000000000001421,42,6264318);
INSERT INTO track VALUES('Me Liga',81,NULL,3.8100000000000000532,42,7565912);
INSERT INTO track VALUES('Melô Do Marinheiro',81,NULL,3.4599999999999999644,42,6905668);
INSERT INTO track VALUES('Meu Erro',81,NULL,3.4599999999999999644,42,6893533);
INSERT INTO track VALUES('O Beco',81,NULL,3.1499999999999999111,42,6293184);
INSERT INTO track VALUES('Perplexo',81,NULL,2.6800000000000001598,42,5355013);
INSERT INTO track VALUES('Quase Um Segundo',81,NULL,4.580000000000000071,42,8971355);
INSERT INTO track VALUES('Romance Ideal',81,NULL,4.1600000000000001421,42,8260477);
INSERT INTO track VALUES('SKA',81,NULL,2.4599999999999999644,42,4943540);
INSERT INTO track VALUES('Selvagem',81,NULL,4.080000000000000071,42,8141084);
INSERT INTO track VALUES('Será Que Vai Chover?',81,NULL,5.6100000000000003197,42,11133830);
INSERT INTO track VALUES('Vital E Sua Moto',81,NULL,3.5,42,6902878);
INSERT INTO track VALUES('Óculos',81,NULL,3.6499999999999999111,42,7262419);
INSERT INTO track VALUES('Bark at the Moon',82,NULL,4.2800000000000002486,43,4601224);
INSERT INTO track VALUES('Crazy Train',83,NULL,4.9100000000000001421,43,5255083);
INSERT INTO track VALUES('I Don''t Know',83,NULL,5.2000000000000001776,43,5525339);
INSERT INTO track VALUES('Blue Train',84,NULL,6.75,44,13170391);
INSERT INTO track VALUES('Burning Up',84,NULL,5.3499999999999996447,44,10525136);
INSERT INTO track VALUES('Heart In Your Hand',84,NULL,3.830000000000000071,44,7598019);
INSERT INTO track VALUES('House Of Love',84,NULL,5.580000000000000071,44,10990880);
INSERT INTO track VALUES('Most High',84,NULL,5.5999999999999996447,44,10999203);
INSERT INTO track VALUES('Please Read The Letter',84,NULL,4.3600000000000003197,44,8603372);
INSERT INTO track VALUES('Shining In The Light',84,NULL,4.0,44,7951688);
INSERT INTO track VALUES('Sons Of Freedom',84,NULL,4.0899999999999998578,44,8087944);
INSERT INTO track VALUES('Upon A Golden Horse',84,NULL,3.8599999999999998756,44,7594829);
INSERT INTO track VALUES('Walking Into Clarksdale',84,NULL,5.2999999999999998223,44,10396315);
INSERT INTO track VALUES('When I Was A Child',84,NULL,5.75,44,11249456);
INSERT INTO track VALUES('When The World Was Young',84,NULL,6.2099999999999999644,44,12198930);
INSERT INTO track VALUES('Better Man',85,NULL,4.0899999999999998578,45,8019563);
INSERT INTO track VALUES('Black',85,NULL,6.9100000000000001421,45,13580009);
INSERT INTO track VALUES('Corduroy',85,NULL,5.080000000000000071,45,9991106);
INSERT INTO track VALUES('Daughter',85,NULL,6.7800000000000002486,45,13420697);
INSERT INTO track VALUES('Do The Evolution',85,NULL,3.75,45,7377286);
INSERT INTO track VALUES('Elderly Woman Behind The Counter In A Small Town',85,NULL,3.8100000000000000532,45,7509304);
INSERT INTO track VALUES('Even Flow',85,NULL,5.2800000000000002486,45,10394239);
INSERT INTO track VALUES('F*Ckin'' Up',85,NULL,6.2800000000000002486,45,12360893);
INSERT INTO track VALUES('Given To Fly',85,NULL,3.8799999999999998934,45,7678347);
INSERT INTO track VALUES('Go',85,NULL,2.6800000000000001598,45,5290810);
INSERT INTO track VALUES('MFC',85,NULL,2.4599999999999999644,45,4817665);
INSERT INTO track VALUES('Nothingman',85,NULL,4.6299999999999998934,45,9107017);
INSERT INTO track VALUES('Off He Goes',85,NULL,5.7099999999999999644,45,11245109);
INSERT INTO track VALUES('Red Mosquito',85,NULL,4.0300000000000002486,45,7944923);
INSERT INTO track VALUES('Untitled',85,NULL,2.0299999999999998046,45,3957141);
INSERT INTO track VALUES('Koyaanisqatsi',86,NULL,3.4300000000000001598,46,3305164);
INSERT INTO track VALUES('Can''t Get There From Here',87,NULL,3.6600000000000001421,47,7285936);
INSERT INTO track VALUES('Carnival Of Sorts',87,NULL,3.8799999999999998934,47,7669658);
INSERT INTO track VALUES('Cuyahoga',87,NULL,4.330000000000000071,47,8591057);
INSERT INTO track VALUES('Don''t Go Back To Rockville',87,NULL,4.5300000000000002486,47,9010715);
INSERT INTO track VALUES('Driver 8',87,NULL,3.3999999999999999111,47,6779076);
INSERT INTO track VALUES('Fall On Me',87,NULL,2.8599999999999998756,47,5676811);
INSERT INTO track VALUES('Green Grow The Rushes',87,NULL,3.75,47,7422425);
INSERT INTO track VALUES('I Believe',87,NULL,3.7799999999999998046,47,7542929);
INSERT INTO track VALUES('It''s The End Of The World As We Know It (And I Feel Fine)',87,NULL,4.0599999999999996092,47,7998987);
INSERT INTO track VALUES('Perfect Circle',87,NULL,3.4599999999999999644,47,6898067);
INSERT INTO track VALUES('Pretty Persuasion',87,NULL,3.8100000000000000532,47,7577754);
INSERT INTO track VALUES('Radio Free Aurope',87,NULL,4.080000000000000071,47,8163490);
INSERT INTO track VALUES('So Central Rain',87,NULL,3.2299999999999999822,47,6414550);
INSERT INTO track VALUES('Talk About The Passion',87,NULL,3.3799999999999998934,47,6725435);
INSERT INTO track VALUES('The Finest Worksong',87,NULL,3.8100000000000000532,47,7574856);
INSERT INTO track VALUES('The One I Love',87,NULL,3.2799999999999998046,47,6495125);
INSERT INTO track VALUES('Apache Rose Peacock',88,NULL,4.7000000000000001776,48,9312588);
INSERT INTO track VALUES('Blood Sugar Sex Magik',88,NULL,4.5099999999999997868,48,8940573);
INSERT INTO track VALUES('Breaking The Girl',88,NULL,4.9100000000000001421,48,9805526);
INSERT INTO track VALUES('Funky Monks',88,NULL,5.3799999999999998934,48,10708168);
INSERT INTO track VALUES('Give It Away',88,NULL,4.7099999999999999644,48,9308997);
INSERT INTO track VALUES('I Could Have Lied',88,NULL,4.0599999999999996092,48,8088244);
INSERT INTO track VALUES('If You Have To Ask',88,NULL,3.6000000000000000888,48,7199175);
INSERT INTO track VALUES('Mellowship Slinky In B Major',88,NULL,4.0,48,7971384);
INSERT INTO track VALUES('My Lovely Man',88,NULL,4.6500000000000003552,48,9220114);
INSERT INTO track VALUES('Naked In The Rain',88,NULL,4.4100000000000001421,48,8724674);
INSERT INTO track VALUES('Sir Psycho Sexy',88,NULL,8.2599999999999997868,48,16354362);
INSERT INTO track VALUES('Suck My Kiss',88,NULL,3.6099999999999998756,48,7129137);
INSERT INTO track VALUES('The Greeting Song',88,NULL,3.2099999999999999644,48,6346507);
INSERT INTO track VALUES('The Power Of Equality',88,NULL,4.0499999999999998223,48,8148266);
INSERT INTO track VALUES('The Righteous & The Wicked',88,NULL,4.1299999999999998934,48,8134096);
INSERT INTO track VALUES('They''re Red Hot',88,NULL,1.1799999999999999378,48,2382220);
INSERT INTO track VALUES('Under The Bridge',88,NULL,4.4000000000000003552,48,8682716);
INSERT INTO track VALUES('By The Way',89,NULL,3.6299999999999998934,48,7197430);
INSERT INTO track VALUES('Cabron',89,NULL,3.6299999999999998934,48,7458864);
INSERT INTO track VALUES('Can''t Stop',89,NULL,4.4800000000000004263,48,8872479);
INSERT INTO track VALUES('Don''t Forget Me',89,NULL,4.6100000000000003197,48,9107071);
INSERT INTO track VALUES('Dosed',89,NULL,5.2000000000000001776,48,10235611);
INSERT INTO track VALUES('I Could Die For You',89,NULL,3.2099999999999999644,48,6333311);
INSERT INTO track VALUES('Midnight',89,NULL,4.9100000000000001421,48,9702450);
INSERT INTO track VALUES('Minor Thing',89,NULL,3.6099999999999998756,48,7148115);
INSERT INTO track VALUES('On Mercury',89,NULL,3.4599999999999999644,48,6834762);
INSERT INTO track VALUES('Tear',89,NULL,5.2800000000000002486,48,10395500);
INSERT INTO track VALUES('The Zephyr Song',89,NULL,3.8599999999999998756,48,7690312);
INSERT INTO track VALUES('This Is The Place',89,NULL,4.2800000000000002486,48,8469765);
INSERT INTO track VALUES('Throw Away Your Television',89,NULL,3.7299999999999999822,48,7483526);
INSERT INTO track VALUES('Universally Speaking',89,NULL,4.3099999999999996092,48,8501904);
INSERT INTO track VALUES('Venice Queen',89,NULL,6.1500000000000003552,48,12280381);
INSERT INTO track VALUES('Warm Tape',89,NULL,4.2599999999999997868,48,8358200);
INSERT INTO track VALUES('2112 Overture',90,NULL,4.5300000000000002486,49,8898066);
INSERT INTO track VALUES('Anthem',90,NULL,4.4000000000000003552,49,8693343);
INSERT INTO track VALUES('Bastille Day',90,NULL,4.6600000000000001421,49,9264769);
INSERT INTO track VALUES('By-Tor And The Snow Dog',90,NULL,8.6500000000000003552,49,17076397);
INSERT INTO track VALUES('Closer To The Heart',90,NULL,2.9100000000000001421,49,5767005);
INSERT INTO track VALUES('Finding My Way',90,NULL,5.080000000000000071,49,9985701);
INSERT INTO track VALUES('Fly By Night',90,NULL,3.3599999999999998756,49,6683061);
INSERT INTO track VALUES('Freewill',90,NULL,5.4000000000000003552,49,10694110);
INSERT INTO track VALUES('La Villa Strangiato',90,NULL,9.6099999999999994315,49,19137855);
INSERT INTO track VALUES('Something For Nothing',90,NULL,4.0,49,7898395);
INSERT INTO track VALUES('The Spirit Of Radio',90,NULL,4.9800000000000004263,49,9862012);
INSERT INTO track VALUES('The Temples Of Syrinx',90,NULL,2.2099999999999999644,49,4360163);
INSERT INTO track VALUES('The Trees',90,NULL,4.75,49,9345473);
INSERT INTO track VALUES('Xanadu',90,NULL,11.109999999999999431,49,21753168);
INSERT INTO track VALUES('As The Years Go by',91,NULL,3.8799999999999998934,50,7566829);
INSERT INTO track VALUES('El Corazon Manda',91,NULL,11.880000000000000781,50,23519583);
INSERT INTO track VALUES('Fried Neckbones And Home Fries',91,NULL,10.630000000000000781,50,20939646);
INSERT INTO track VALUES('Jingo',91,NULL,9.8599999999999994315,50,19736495);
INSERT INTO track VALUES('La Puesta Del Sol',91,NULL,10.460000000000000853,50,20614621);
INSERT INTO track VALUES('Persuasion',91,NULL,5.2999999999999998223,50,10354751);
INSERT INTO track VALUES('Santana Jam',91,NULL,14.699999999999999289,50,29207100);
INSERT INTO track VALUES('Soul Sacrifice',91,NULL,4.9299999999999997157,50,9801120);
INSERT INTO track VALUES('Evil Ways',92,NULL,7.9100000000000001421,50,15289235);
INSERT INTO track VALUES('Funky Piano',92,NULL,15.560000000000000497,50,30200730);
INSERT INTO track VALUES('Just Ain''t Good Enough',92,NULL,14.160000000000000142,50,27489067);
INSERT INTO track VALUES('Rock Me',92,NULL,1.5600000000000000532,50,3037596);
INSERT INTO track VALUES('The Way You Do To Mer',92,NULL,10.30000000000000071,50,20028702);
INSERT INTO track VALUES('We''ve Got To Get Together/Jingo',92,NULL,17.829999999999998294,50,34618222);
INSERT INTO track VALUES('1979',93,NULL,4.3799999999999998934,51,8728470);
INSERT INTO track VALUES('Ava Adore',93,NULL,4.3399999999999998578,51,8590412);
INSERT INTO track VALUES('Bullet With Butterfly Wings',93,NULL,4.2800000000000002486,51,8431747);
INSERT INTO track VALUES('Cherub Rock',93,NULL,4.9800000000000004263,51,9786739);
INSERT INTO track VALUES('Disarm',93,NULL,3.2999999999999998223,51,6508249);
INSERT INTO track VALUES('Drown',93,NULL,4.5,51,8883496);
INSERT INTO track VALUES('Eye',93,NULL,4.9000000000000003552,51,9784201);
INSERT INTO track VALUES('Landslide',93,NULL,3.1600000000000001421,51,6187754);
INSERT INTO track VALUES('Perfect',93,NULL,3.3799999999999998934,51,6145404);
INSERT INTO track VALUES('Real Love',93,NULL,4.1600000000000001421,51,8025896);
INSERT INTO track VALUES('Rhinocerous',93,NULL,5.8799999999999998934,51,11526684);
INSERT INTO track VALUES('Siva',93,NULL,4.3399999999999998578,51,8576622);
INSERT INTO track VALUES('Stand Inside Your Love',93,NULL,4.2099999999999999644,51,8270113);
INSERT INTO track VALUES('The Everlasting Gaze',93,NULL,4.0300000000000002486,51,7844404);
INSERT INTO track VALUES('Today',93,NULL,3.3599999999999998756,51,6596933);
INSERT INTO track VALUES('Zero',93,NULL,2.6800000000000001598,51,5267176);
INSERT INTO track VALUES('[Untitled]',93,NULL,3.8500000000000000888,51,7689713);
INSERT INTO track VALUES('As We Sleep',94,NULL,5.2599999999999997868,52,10429398);
INSERT INTO track VALUES('Believe',94,NULL,5.1600000000000001421,52,10317185);
INSERT INTO track VALUES('Best Thing',94,NULL,4.5599999999999996092,52,9069394);
INSERT INTO track VALUES('De La Luz',94,NULL,5.25,52,10518284);
INSERT INTO track VALUES('Heart of the Night',94,NULL,4.5499999999999998223,52,9098263);
INSERT INTO track VALUES('J Squared',94,NULL,4.7999999999999998223,52,9480777);
INSERT INTO track VALUES('Midnight',94,NULL,4.4299999999999997157,52,9702450);
INSERT INTO track VALUES('Playtime',94,NULL,4.5499999999999998223,52,9070880);
INSERT INTO track VALUES('Surrender',94,NULL,4.7800000000000002486,52,9422926);
INSERT INTO track VALUES('Valentino''s',94,NULL,4.9299999999999997157,52,9848545);
INSERT INTO track VALUES('Westwood Moon',94,NULL,4.9100000000000001421,52,9765802);
INSERT INTO track VALUES('When Evening Falls',94,NULL,4.9599999999999999644,52,9863942);
INSERT INTO track VALUES('End Of Romanticism',95,NULL,5.330000000000000071,52,10553155);
INSERT INTO track VALUES('Heliopolis',95,NULL,5.6299999999999998934,52,11365655);
INSERT INTO track VALUES('It Doesn''t Matter',95,NULL,4.5,52,9034177);
INSERT INTO track VALUES('Jubilee',95,NULL,4.580000000000000071,52,9151846);
INSERT INTO track VALUES('Little Linda',95,NULL,4.4000000000000003552,52,8958743);
INSERT INTO track VALUES('Morning Dance',95,NULL,3.9599999999999999644,52,8101979);
INSERT INTO track VALUES('Rasul',95,NULL,3.9599999999999999644,52,7854737);
INSERT INTO track VALUES('Song For Lorraine',95,NULL,4.0,52,8101723);
INSERT INTO track VALUES('Starburst',95,NULL,4.8399999999999998578,52,9768399);
INSERT INTO track VALUES('All Night Thing',96,NULL,3.8500000000000000888,53,3997982);
INSERT INTO track VALUES('Call Me a Dog',96,NULL,5.0599999999999996092,53,5177612);
INSERT INTO track VALUES('Four Walled World',96,NULL,6.9000000000000003552,53,6964048);
INSERT INTO track VALUES('Hunger Strike',96,NULL,4.0899999999999998578,53,4233212);
INSERT INTO track VALUES('Pushin Forward Back',96,NULL,3.75,53,3892066);
INSERT INTO track VALUES('Reach Down',96,NULL,11.199999999999999289,53,11157785);
INSERT INTO track VALUES('Say Hello 2 Heaven',96,NULL,6.4000000000000003552,53,6477217);
INSERT INTO track VALUES('Times of Trouble',96,NULL,5.7000000000000001776,53,5795951);
INSERT INTO track VALUES('Wooden Jesus',96,NULL,4.1600000000000001421,53,4302603);
INSERT INTO track VALUES('Your Savior',96,NULL,4.0599999999999996092,53,4199626);
INSERT INTO track VALUES('Adios nonino',97,NULL,4.8099999999999996092,54,4781384);
INSERT INTO track VALUES('Cosmic Fiend',98,NULL,5.1299999999999998934,55,10115556);
INSERT INTO track VALUES('Cursed Diamonds',98,NULL,6.1299999999999998934,55,12047978);
INSERT INTO track VALUES('Girl From A Pawnshop',98,NULL,6.7300000000000004263,55,13250848);
INSERT INTO track VALUES('Greasy Grass River',98,NULL,3.6299999999999998934,55,7157045);
INSERT INTO track VALUES('Midnight From The Inside Out',98,NULL,4.7599999999999997868,55,9442157);
INSERT INTO track VALUES('Miracle To Me',98,NULL,6.2000000000000001776,55,12222116);
INSERT INTO track VALUES('Sometimes Salvation',98,NULL,6.4800000000000004263,55,12749424);
INSERT INTO track VALUES('Sting Me',98,NULL,4.4599999999999999644,55,8813561);
INSERT INTO track VALUES('Thick & Thin',98,NULL,3.7000000000000001776,55,7284377);
INSERT INTO track VALUES('Wiser Time',98,NULL,7.6500000000000003552,55,15161907);
INSERT INTO track VALUES('Black Moon Creeping',99,NULL,5.9800000000000004263,55,11740886);
INSERT INTO track VALUES('Hard To Handle',99,NULL,3.4300000000000001598,55,6786304);
INSERT INTO track VALUES('High Head Blues',99,NULL,6.1799999999999997157,55,12227998);
INSERT INTO track VALUES('Lickin''',99,NULL,5.2300000000000004263,55,10331216);
INSERT INTO track VALUES('Remedy',99,NULL,5.6100000000000003197,55,11049098);
INSERT INTO track VALUES('She Talks To Angels',99,NULL,6.0099999999999997868,55,11837342);
INSERT INTO track VALUES('Soul Singing',99,NULL,3.8799999999999998934,55,7672489);
INSERT INTO track VALUES('Title Song',99,NULL,8.4100000000000001421,55,16501316);
INSERT INTO track VALUES('Twice As Hard',99,NULL,4.580000000000000071,55,9008067);
INSERT INTO track VALUES('Alabama Song',100,NULL,3.330000000000000071,56,6563411);
INSERT INTO track VALUES('Back Door Man',100,NULL,3.5600000000000000532,56,7035636);
INSERT INTO track VALUES('Break on Through',100,NULL,2.4799999999999999822,56,4943144);
INSERT INTO track VALUES('End Of The Night',100,NULL,2.8599999999999998756,56,5589732);
INSERT INTO track VALUES('I Looked At You',100,NULL,2.3599999999999998756,56,4663988);
INSERT INTO track VALUES('Light My Fire',100,NULL,7.1299999999999998934,56,13963351);
INSERT INTO track VALUES('Soul Kitchen',100,NULL,3.580000000000000071,56,7040865);
INSERT INTO track VALUES('Take It As It Comes',100,NULL,2.2799999999999998046,56,4512656);
INSERT INTO track VALUES('The Crystal Ship',100,NULL,2.5600000000000000532,56,5052658);
INSERT INTO track VALUES('The End',100,NULL,11.679999999999999716,56,22927336);
INSERT INTO track VALUES('Twentienth Century Fox',100,NULL,2.5400000000000000355,56,5069211);
INSERT INTO track VALUES('Corinna',101,NULL,4.2800000000000002486,57,8449471);
INSERT INTO track VALUES('Flip The Switch',101,NULL,4.2000000000000001776,57,8336591);
INSERT INTO track VALUES('Gimmie Shelters',101,NULL,6.3600000000000003197,57,12528764);
INSERT INTO track VALUES('Intro',101,NULL,0.81000000000000005329,57,4638848);
INSERT INTO track VALUES('Live With Me',101,NULL,3.8999999999999999111,57,7709006);
INSERT INTO track VALUES('Memory Motel',101,NULL,6.080000000000000071,57,11982431);
INSERT INTO track VALUES('Out Of Control',101,NULL,7.9800000000000004263,57,15749289);
INSERT INTO track VALUES('Respectable',101,NULL,3.580000000000000071,57,7099669);
INSERT INTO track VALUES('Saint Of Me',101,NULL,5.4100000000000001421,57,10725160);
INSERT INTO track VALUES('Sister Morphine',101,NULL,6.2599999999999997868,57,12345289);
INSERT INTO track VALUES('The Last Time',101,NULL,4.7800000000000002486,57,9498758);
INSERT INTO track VALUES('Thief In The Night',101,NULL,5.6100000000000003197,57,10952756);
INSERT INTO track VALUES('Wainting On A Friend',101,NULL,5.0300000000000002486,57,9978046);
INSERT INTO track VALUES('You Got Me Rocking',101,NULL,3.4100000000000001421,57,6734385);
INSERT INTO track VALUES('Acrobat',102,NULL,4.5,58,8824723);
INSERT INTO track VALUES('Even Better Than The Real Thing',102,NULL,3.6800000000000001598,58,7279392);
INSERT INTO track VALUES('Love Is Blindness',102,NULL,4.3799999999999998934,58,8531766);
INSERT INTO track VALUES('Mysterious Ways',102,NULL,4.0499999999999998223,58,8062057);
INSERT INTO track VALUES('One',102,NULL,4.5899999999999998578,58,9158892);
INSERT INTO track VALUES('So Cruel',102,NULL,5.8099999999999996092,58,11527614);
INSERT INTO track VALUES('The Fly',102,NULL,4.4599999999999999644,58,8825399);
INSERT INTO track VALUES('Tryin'' To Throw Your Arms Around The World',102,NULL,3.8599999999999998756,58,7612124);
INSERT INTO track VALUES('Ultraviolet (Light My Way)',102,NULL,5.5,58,10754631);
INSERT INTO track VALUES('Until The End Of The World',102,NULL,4.6299999999999998934,58,9132485);
INSERT INTO track VALUES('Who''s Gonna Ride Your Wild Horses',102,NULL,5.2599999999999997868,58,10304369);
INSERT INTO track VALUES('Zoo Station',102,NULL,4.5899999999999998578,58,9056902);
INSERT INTO track VALUES('Beautiful Day',103,NULL,4.1299999999999998934,58,8056723);
INSERT INTO track VALUES('Elevation',103,NULL,3.7799999999999998046,58,7479414);
INSERT INTO track VALUES('Grace',103,NULL,5.5,58,10877148);
INSERT INTO track VALUES('In A Little While',103,NULL,3.6499999999999999111,58,7189647);
INSERT INTO track VALUES('Kite',103,NULL,4.4299999999999997157,58,8765761);
INSERT INTO track VALUES('New York',103,NULL,5.5,58,10862323);
INSERT INTO track VALUES('Peace On Earth',103,NULL,4.7999999999999998223,58,9476171);
INSERT INTO track VALUES('Stuck In A Moment You Can''t Get Out Of',103,NULL,4.5300000000000002486,58,8997366);
INSERT INTO track VALUES('Walk On',103,NULL,4.9299999999999997157,58,9800861);
INSERT INTO track VALUES('When I Look At The World',103,NULL,4.2800000000000002486,58,8500491);
INSERT INTO track VALUES('Wild Honey',103,NULL,3.7599999999999997868,58,7466069);
INSERT INTO track VALUES('A Man And A Woman',104,NULL,4.5,58,8938285);
INSERT INTO track VALUES('All Because Of You',104,NULL,3.6499999999999999111,58,7198014);
INSERT INTO track VALUES('City Of Blinding Lights',104,NULL,5.7800000000000002486,58,11432026);
INSERT INTO track VALUES('Crumbs From Your Table',104,NULL,5.0499999999999998223,58,9892349);
INSERT INTO track VALUES('Love And Peace Or Else',104,NULL,4.830000000000000071,58,9476723);
INSERT INTO track VALUES('Miracle Drug',104,NULL,3.9799999999999999822,58,7760916);
INSERT INTO track VALUES('One Step Closer',104,NULL,3.8500000000000000888,58,7512912);
INSERT INTO track VALUES('Original Of The Species',104,NULL,4.6799999999999997157,58,9230041);
INSERT INTO track VALUES('Sometimes You Can''t Make It On Your Own',104,NULL,5.1299999999999998934,58,10112863);
INSERT INTO track VALUES('Vertigo',104,NULL,3.2299999999999999822,58,6329502);
INSERT INTO track VALUES('Yahweh',104,NULL,4.3600000000000003197,58,8636998);
INSERT INTO track VALUES('Babyface',105,NULL,4.0099999999999997868,58,7942573);
INSERT INTO track VALUES('Daddy''s Gonna Pay For Your Crashed Car',105,NULL,5.330000000000000071,58,10609581);
INSERT INTO track VALUES('Dirty Day',105,NULL,5.4000000000000003552,58,10652877);
INSERT INTO track VALUES('Lemon',105,NULL,6.9599999999999999644,58,13988878);
INSERT INTO track VALUES('Numb',105,NULL,4.330000000000000071,58,8577861);
INSERT INTO track VALUES('Some Days Are Better Than Others',105,NULL,4.2800000000000002486,58,8417690);
INSERT INTO track VALUES('The First Time',105,NULL,3.75,58,7247651);
INSERT INTO track VALUES('The Wanderer',105,NULL,4.7099999999999999644,58,9258717);
INSERT INTO track VALUES('Zooropa',105,NULL,6.5300000000000002486,58,12807979);
INSERT INTO track VALUES('(I Can''t Help) Falling In Love With You',106,NULL,3.4500000000000001776,59,6905623);
INSERT INTO track VALUES('Breakfast In Bed',106,NULL,3.2599999999999997868,59,10323804);
INSERT INTO track VALUES('Bring Me Your Cup',106,NULL,5.6799999999999997157,59,11346114);
INSERT INTO track VALUES('C''est La Vie',106,NULL,4.5,59,9031661);
INSERT INTO track VALUES('Here I Am (Come And Take Me)',106,NULL,4.0300000000000002486,59,8106249);
INSERT INTO track VALUES('Higher Ground',106,NULL,4.330000000000000071,59,8665244);
INSERT INTO track VALUES('Homely Girl',106,NULL,3.3799999999999998934,59,6790788);
INSERT INTO track VALUES('I Would Do For You',106,NULL,5.5599999999999996092,59,11193602);
INSERT INTO track VALUES('Kingston Town',106,NULL,3.7599999999999997868,59,7638236);
INSERT INTO track VALUES('Reggae Music',106,NULL,4.080000000000000071,59,8203931);
INSERT INTO track VALUES('Superstition',106,NULL,5.3099999999999996092,59,10728099);
INSERT INTO track VALUES('Until My Dying Day',106,NULL,3.9100000000000001421,59,7886195);
INSERT INTO track VALUES('Wear You To The Ball',106,NULL,3.5499999999999998223,59,7159527);
INSERT INTO track VALUES('Where Did I Go Wrong',106,NULL,3.7599999999999997868,59,7485054);
INSERT INTO track VALUES('Ain''t Talkin'' ''Bout Love',107,NULL,3.830000000000000071,60,7617284);
INSERT INTO track VALUES('Atomic Punk',107,NULL,3.0299999999999998046,60,5908861);
INSERT INTO track VALUES('Eruption',107,NULL,1.6999999999999999555,60,3286026);
INSERT INTO track VALUES('Feel Your Love Tonight',107,NULL,3.7000000000000001776,60,7293608);
INSERT INTO track VALUES('I''m The One',107,NULL,3.7599999999999997868,60,7373922);
INSERT INTO track VALUES('Ice Cream Man',107,NULL,3.330000000000000071,60,6573145);
INSERT INTO track VALUES('Jamie''s Cryin''',107,NULL,3.5,60,6946086);
INSERT INTO track VALUES('Little Dreamer',107,NULL,3.3799999999999998934,60,6648122);
INSERT INTO track VALUES('On Fire',107,NULL,3.0,60,5879235);
INSERT INTO track VALUES('Runnin'' With The Devil',107,NULL,3.6000000000000000888,60,7056863);
INSERT INTO track VALUES('You Really Got Me',107,NULL,2.6299999999999998934,60,5194092);
INSERT INTO track VALUES('Ballot or the Bullet',108,NULL,5.7000000000000001776,60,11212955);
INSERT INTO track VALUES('Dirty Water Dog',108,NULL,5.4500000000000001776,60,10709202);
INSERT INTO track VALUES('Fire in the Hole',108,NULL,5.5099999999999997868,60,10846768);
INSERT INTO track VALUES('From Afar',108,NULL,5.4000000000000003552,60,10524554);
INSERT INTO track VALUES('How Many Say I',108,NULL,6.0499999999999998223,60,11716855);
INSERT INTO track VALUES('Josephina',108,NULL,5.7000000000000001776,60,11161521);
INSERT INTO track VALUES('Neworld',108,NULL,1.75,60,3495897);
INSERT INTO track VALUES('Once',108,NULL,7.7000000000000001776,60,15378082);
INSERT INTO track VALUES('One I Want',108,NULL,5.5,60,10743970);
INSERT INTO track VALUES('Primary',108,NULL,1.4299999999999999378,60,2812555);
INSERT INTO track VALUES('Without You',108,NULL,6.5,60,8738371);
INSERT INTO track VALUES('Year to the Day',108,NULL,8.5600000000000004973,60,16621333);
CREATE TABLE media (
    media_id INTEGER PRIMARY KEY,
    type VARCHAR(8) NOT NULL,
    album_id REFERENCES album(album_id) NOT NULL
);
INSERT INTO media VALUES(1,'physical',1);
INSERT INTO media VALUES(2,'physical',2);
INSERT INTO media VALUES(3,'physical',3);
INSERT INTO media VALUES(4,'digital',4);
INSERT INTO media VALUES(5,'digital',5);
INSERT INTO media VALUES(6,'digital',6);
INSERT INTO media VALUES(7,'digital',7);
INSERT INTO media VALUES(8,'digital',8);
INSERT INTO media VALUES(9,'digital',9);
INSERT INTO media VALUES(10,'digital',10);
INSERT INTO media VALUES(11,'digital',11);
INSERT INTO media VALUES(12,'digital',12);
INSERT INTO media VALUES(13,'physical',13);
INSERT INTO media VALUES(14,'digital',14);
INSERT INTO media VALUES(15,'physical',15);
INSERT INTO media VALUES(16,'physical',16);
INSERT INTO media VALUES(17,'physical',17);
INSERT INTO media VALUES(18,'physical',18);
INSERT INTO media VALUES(19,'physical',19);
INSERT INTO media VALUES(20,'digital',20);
INSERT INTO media VALUES(21,'digital',21);
INSERT INTO media VALUES(22,'digital',22);
INSERT INTO media VALUES(23,'digital',23);
INSERT INTO media VALUES(24,'physical',24);
INSERT INTO media VALUES(25,'physical',25);
INSERT INTO media VALUES(26,'physical',26);
INSERT INTO media VALUES(27,'physical',27);
INSERT INTO media VALUES(28,'physical',28);
INSERT INTO media VALUES(29,'physical',29);
INSERT INTO media VALUES(30,'physical',30);
INSERT INTO media VALUES(31,'physical',31);
INSERT INTO media VALUES(32,'digital',32);
INSERT INTO media VALUES(33,'digital',33);
INSERT INTO media VALUES(34,'digital',34);
INSERT INTO media VALUES(35,'digital',35);
INSERT INTO media VALUES(36,'digital',36);
INSERT INTO media VALUES(37,'physical',37);
INSERT INTO media VALUES(38,'physical',38);
INSERT INTO media VALUES(39,'physical',39);
INSERT INTO media VALUES(40,'physical',40);
INSERT INTO media VALUES(41,'digital',41);
INSERT INTO media VALUES(42,'digital',42);
INSERT INTO media VALUES(43,'digital',43);
INSERT INTO media VALUES(44,'physical',44);
INSERT INTO media VALUES(45,'physical',45);
INSERT INTO media VALUES(46,'physical',46);
INSERT INTO media VALUES(47,'physical',47);
INSERT INTO media VALUES(48,'physical',48);
INSERT INTO media VALUES(49,'physical',49);
INSERT INTO media VALUES(50,'physical',50);
INSERT INTO media VALUES(51,'physical',51);
INSERT INTO media VALUES(52,'physical',52);
INSERT INTO media VALUES(53,'physical',53);
INSERT INTO media VALUES(54,'physical',54);
INSERT INTO media VALUES(55,'physical',55);
INSERT INTO media VALUES(56,'physical',56);
INSERT INTO media VALUES(57,'physical',57);
INSERT INTO media VALUES(58,'physical',58);
INSERT INTO media VALUES(59,'physical',59);
INSERT INTO media VALUES(60,'physical',60);
INSERT INTO media VALUES(61,'physical',61);
INSERT INTO media VALUES(62,'physical',62);
INSERT INTO media VALUES(63,'physical',63);
INSERT INTO media VALUES(64,'physical',64);
INSERT INTO media VALUES(65,'physical',65);
INSERT INTO media VALUES(66,'physical',66);
INSERT INTO media VALUES(67,'physical',67);
INSERT INTO media VALUES(68,'physical',68);
INSERT INTO media VALUES(69,'physical',69);
INSERT INTO media VALUES(70,'physical',70);
INSERT INTO media VALUES(71,'physical',71);
INSERT INTO media VALUES(72,'physical',72);
INSERT INTO media VALUES(73,'physical',73);
INSERT INTO media VALUES(74,'physical',74);
INSERT INTO media VALUES(75,'physical',75);
INSERT INTO media VALUES(76,'physical',76);
INSERT INTO media VALUES(77,'physical',77);
INSERT INTO media VALUES(78,'physical',78);
INSERT INTO media VALUES(79,'physical',79);
INSERT INTO media VALUES(80,'physical',80);
INSERT INTO media VALUES(81,'physical',81);
INSERT INTO media VALUES(82,'physical',82);
INSERT INTO media VALUES(83,'physical',83);
INSERT INTO media VALUES(84,'physical',84);
INSERT INTO media VALUES(85,'physical',85);
INSERT INTO media VALUES(86,'physical',86);
INSERT INTO media VALUES(87,'physical',87);
INSERT INTO media VALUES(88,'physical',88);
INSERT INTO media VALUES(89,'physical',89);
INSERT INTO media VALUES(90,'physical',90);
INSERT INTO media VALUES(91,'physical',91);
INSERT INTO media VALUES(92,'physical',92);
INSERT INTO media VALUES(93,'physical',93);
INSERT INTO media VALUES(94,'physical',94);
INSERT INTO media VALUES(95,'digital',95);
INSERT INTO media VALUES(96,'digital',96);
INSERT INTO media VALUES(97,'digital',97);
INSERT INTO media VALUES(98,'digital',98);
INSERT INTO media VALUES(99,'digital',99);
INSERT INTO media VALUES(100,'digital',100);
INSERT INTO media VALUES(101,'digital',101);
INSERT INTO media VALUES(102,'digital',102);
INSERT INTO media VALUES(103,'digital',103);
INSERT INTO media VALUES(104,'digital',104);
INSERT INTO media VALUES(105,'digital',105);
INSERT INTO media VALUES(106,'digital',106);
INSERT INTO media VALUES(107,'digital',107);
INSERT INTO media VALUES(108,'digital',108);
CREATE TABLE checkout (
   checkout_id INTEGER PRIMARY KEY,
   checkout_date DATETIME NOT NULL,
   return_date DATETIME, -- `NULL` until returned
   media_id INTEGER NOT NULL,
   card_number CHAR(36) NOT NULL
, due_date DATETIME);
INSERT INTO checkout VALUES(2,'2017-08-24 03:43:51',NULL,1,'fdb627b1-23f4-4d43-8492-e5a5780d66fb','2017-12-09 13:12:44');
INSERT INTO checkout VALUES(3,'2018-01-01 14:41:16',NULL,3,'3958dd4d-ad65-470c-a90f-cae5f83d41a8','2017-12-09 13:12:44');
INSERT INTO checkout VALUES(4,'2018-01-13 20:51:26',NULL,5,'36fcd2ea-3c28-4e3e-9381-aca6e4ccbfd1','2017-12-09 13:12:44');
INSERT INTO checkout VALUES(5,'2017-11-10 00:30:19','2017-11-30 21:50:14',7,'7eddeba0-c2cc-4d7a-a1b1-7248c9dbda63','2017-12-09 13:12:44');
INSERT INTO checkout VALUES(6,'2017-12-21 17:12:57',NULL,10,'fc1e328e-8738-4195-9734-add11bbcec14','2017-12-09 13:12:44');
INSERT INTO checkout VALUES(7,'2018-03-02 03:44:26','2018-03-06 10:13:35',12,'d48a037a-d4fa-40d0-a2d3-b8a4768494b3','2017-12-09 13:12:44');
INSERT INTO checkout VALUES(8,'2018-02-21 12:27:35',NULL,15,'986e8888-b3a6-4758-ab12-d3d5884dd96d','2017-12-09 13:12:44');
INSERT INTO checkout VALUES(9,'2017-12-06 22:09:24','2017-12-07 04:05:52',16,'5bdb012a-f823-4c8b-83e8-60c36c61743b','2017-12-09 13:12:44');
INSERT INTO checkout VALUES(10,'2017-10-23 02:04:57',NULL,17,'07c6ac4b-652e-4d59-a906-60e690cf0635','2017-12-09 13:12:44');
INSERT INTO checkout VALUES(11,'2017-12-23 23:41:24','2018-01-24 12:00:44',18,'14f97842-e610-4a7d-99c1-efd727ea2b7b','2017-12-09 13:12:44');
INSERT INTO checkout VALUES(12,'2017-11-02 11:19:24',NULL,20,'fb352f96-aa70-4b4a-89cd-c294c35b0adf','2017-12-09 13:12:44');
INSERT INTO checkout VALUES(13,'2017-10-23 18:15:28','2018-03-06 11:19:19',22,'63cbbfa5-bbc8-40be-884f-dbd73898c416','2017-12-09 13:12:44');
INSERT INTO checkout VALUES(14,'2018-03-19 06:40:43','2018-03-20 09:15:35',23,'e3766cee-df9c-4903-aee1-0b79a9be5b11','2017-12-09 13:12:44');
INSERT INTO checkout VALUES(15,'2017-09-08 06:24:56','2017-10-22 18:47:58',24,'18108a24-4eac-498d-a2d3-4dc4cccf405a','2017-12-09 13:12:44');
INSERT INTO checkout VALUES(16,'2017-10-09 16:26:51','2018-01-01 04:25:47',28,'ab68d48f-f010-4431-b5ba-adf10a7a5755','2017-12-09 13:12:44');
INSERT INTO checkout VALUES(17,'2017-08-18 08:08:58','2017-10-24 08:23:41',29,'1b1973ef-c167-422d-a5bf-a50bc7597d5d','2017-12-09 13:12:44');
INSERT INTO checkout VALUES(18,'2017-12-26 07:59:16',NULL,31,'f605a2db-6ee1-452e-a0a2-64dcdaf6c1bd','2017-12-09 13:12:44');
INSERT INTO checkout VALUES(19,'2017-09-13 16:14:57',NULL,36,'8a570fa1-5b4d-4d37-9b34-b09af39f92b7','2017-12-09 13:12:44');
INSERT INTO checkout VALUES(20,'2018-01-02 11:05:17','2018-02-03 06:18:35',38,'9e4405d4-523a-4437-98cd-92b5d4509f51','2017-12-09 13:12:44');
INSERT INTO checkout VALUES(21,'2017-08-19 09:11:57',NULL,39,'4d6ec950-d535-4add-8ef5-12269e294a1e','2017-12-09 13:12:44');
INSERT INTO checkout VALUES(22,'2018-03-01 16:15:57',NULL,41,'f5893226-f279-48d0-a1c5-7f1aae685f62','2017-12-09 13:12:44');
INSERT INTO checkout VALUES(23,'2017-09-13 15:22:33','2017-12-27 13:19:45',42,'f095a1d3-17e3-4e76-814d-09b28454accc','2017-12-09 13:12:44');
INSERT INTO checkout VALUES(24,'2017-11-22 12:57:18','2018-01-05 12:12:21',43,'43c836a8-7912-4c00-844a-7d7c52d8b413','2017-12-09 13:12:44');
INSERT INTO checkout VALUES(25,'2018-01-13 00:29:14',NULL,44,'39f4a0c5-def8-44a0-bd22-d6a6635315c6','2017-12-09 13:12:44');
INSERT INTO checkout VALUES(26,'2017-11-11 20:48:10',NULL,45,'e3766cee-df9c-4903-aee1-0b79a9be5b11','2017-12-09 13:12:44');
INSERT INTO checkout VALUES(27,'2018-02-13 17:25:30',NULL,46,'dfe33b55-24ab-4644-83c6-610d7c7ef212','2017-12-09 13:12:44');
INSERT INTO checkout VALUES(28,'2017-12-14 05:14:41',NULL,47,'284388ff-f6d6-417e-b8de-be17cd8c909c','2017-12-09 13:12:44');
INSERT INTO checkout VALUES(29,'2017-09-04 21:09:15',NULL,48,'81a5c8de-442c-4bef-9349-8d9ba44e60d2','2017-12-09 13:12:44');
INSERT INTO checkout VALUES(30,'2017-11-20 10:25:36','2017-11-22 10:44:21',49,'bda1d6fe-8f5a-42dc-b1da-559109f46fea','2017-12-09 13:12:44');
INSERT INTO checkout VALUES(31,'2017-11-20 01:28:23','2018-01-28 11:52:49',55,'81a5c8de-442c-4bef-9349-8d9ba44e60d2','2017-12-09 13:12:44');
INSERT INTO checkout VALUES(32,'2017-09-15 10:38:44',NULL,69,'bda1d6fe-8f5a-42dc-b1da-559109f46fea','2017-12-09 13:12:44');
INSERT INTO checkout VALUES(33,'2017-11-29 01:22:36',NULL,70,'a2b4820f-ed37-4e2a-ace5-66ce36d74f86','2017-12-09 13:12:44');
INSERT INTO checkout VALUES(34,'2018-02-26 09:27:19','2018-03-09 16:40:39',75,'f5893226-f279-48d0-a1c5-7f1aae685f62','2017-12-09 13:12:44');
INSERT INTO checkout VALUES(35,'2018-02-27 09:59:13','2018-03-08 02:10:06',77,'89d9a005-3feb-4364-842e-55bfadbe83fd','2017-12-09 13:12:44');
INSERT INTO checkout VALUES(36,'2018-01-04 16:40:57',NULL,80,'3b3068ad-026e-496c-a64e-0b2531d47f90','2017-12-09 13:12:44');
INSERT INTO checkout VALUES(37,'2018-02-22 06:29:06',NULL,82,'202d3cfa-939a-4a35-9902-07f437b20d7c','2017-12-09 13:12:44');
INSERT INTO checkout VALUES(38,'2018-01-22 03:28:25','2018-03-06 08:02:24',83,'2e2ebe74-6673-4276-971f-26e68248a01b','2017-12-09 13:12:44');
INSERT INTO checkout VALUES(39,'2018-01-19 13:55:15',NULL,84,'bc3f96b7-50f6-4c95-8f0f-3a4669eaa520','2017-12-09 13:12:44');
INSERT INTO checkout VALUES(40,'2017-08-23 15:07:30',NULL,85,'f605a2db-6ee1-452e-a0a2-64dcdaf6c1bd','2017-12-09 13:12:44');
INSERT INTO checkout VALUES(41,'2017-12-31 05:57:15','2018-02-28 15:50:58',86,'fe92cbe1-3048-4317-bbe4-64d80489a36a','2017-12-09 13:12:44');
INSERT INTO checkout VALUES(42,'2017-11-20 06:32:01',NULL,90,'534b852c-f0fd-4b21-a0c3-087741490e24','2017-12-09 13:12:44');
INSERT INTO checkout VALUES(43,'2017-12-30 19:21:33',NULL,91,'534b852c-f0fd-4b21-a0c3-087741490e24','2017-12-09 13:12:44');
INSERT INTO checkout VALUES(44,'2017-11-10 00:33:11',NULL,94,'0a0a924b-a1e6-468a-8d65-e4f2447d02d9','2017-12-09 13:12:44');
INSERT INTO checkout VALUES(45,'2018-02-12 08:34:47',NULL,96,'1fa67a2f-c5c8-4428-8ed0-0aaf29a10fe1','2017-12-09 13:12:44');
INSERT INTO checkout VALUES(46,'2017-12-07 03:40:58','2018-02-22 16:58:52',97,'1b9d1c2e-be6d-48bc-8483-c8df7a6c4a2e','2017-12-09 13:12:44');
INSERT INTO checkout VALUES(47,'2017-11-19 19:01:27',NULL,100,'ab68d48f-f010-4431-b5ba-adf10a7a5755','2017-12-09 13:12:44');
INSERT INTO checkout VALUES(48,'2017-12-16 02:16:36','2018-01-26 02:48:05',103,'f51c34dd-ee6b-4579-be71-ffbe02817bf1','2017-12-09 13:12:44');
INSERT INTO checkout VALUES(49,'2017-10-05 20:33:04',NULL,105,'81a5c8de-442c-4bef-9349-8d9ba44e60d2','2017-12-09 13:12:44');
INSERT INTO checkout VALUES(50,'2018-01-19 19:24:05','2018-02-05 11:17:36',106,'39f4a0c5-def8-44a0-bd22-d6a6635315c6','2017-12-09 13:12:44');
CREATE TABLE artist_albums (
    artist_id REFERENCES artist(artist_id) NOT NULL,
    album_id REFERENCES album(album_id) NOT NULL,
    PRIMARY KEY (artist_id, album_id)
);
INSERT INTO artist_albums VALUES(1,1);
INSERT INTO artist_albums VALUES(1,2);
INSERT INTO artist_albums VALUES(2,3);
INSERT INTO artist_albums VALUES(2,4);
INSERT INTO artist_albums VALUES(3,5);
INSERT INTO artist_albums VALUES(4,6);
INSERT INTO artist_albums VALUES(5,7);
INSERT INTO artist_albums VALUES(6,8);
INSERT INTO artist_albums VALUES(7,9);
INSERT INTO artist_albums VALUES(8,10);
INSERT INTO artist_albums VALUES(9,11);
INSERT INTO artist_albums VALUES(9,12);
INSERT INTO artist_albums VALUES(10,13);
INSERT INTO artist_albums VALUES(10,14);
INSERT INTO artist_albums VALUES(11,15);
INSERT INTO artist_albums VALUES(12,16);
INSERT INTO artist_albums VALUES(13,17);
INSERT INTO artist_albums VALUES(14,18);
INSERT INTO artist_albums VALUES(15,19);
INSERT INTO artist_albums VALUES(16,20);
INSERT INTO artist_albums VALUES(16,21);
INSERT INTO artist_albums VALUES(16,22);
INSERT INTO artist_albums VALUES(16,23);
INSERT INTO artist_albums VALUES(16,24);
INSERT INTO artist_albums VALUES(16,25);
INSERT INTO artist_albums VALUES(16,26);
INSERT INTO artist_albums VALUES(17,27);
INSERT INTO artist_albums VALUES(18,28);
INSERT INTO artist_albums VALUES(19,29);
INSERT INTO artist_albums VALUES(20,30);
INSERT INTO artist_albums VALUES(20,31);
INSERT INTO artist_albums VALUES(20,32);
INSERT INTO artist_albums VALUES(21,33);
INSERT INTO artist_albums VALUES(22,34);
INSERT INTO artist_albums VALUES(22,35);
INSERT INTO artist_albums VALUES(23,36);
INSERT INTO artist_albums VALUES(23,37);
INSERT INTO artist_albums VALUES(24,38);
INSERT INTO artist_albums VALUES(25,39);
INSERT INTO artist_albums VALUES(26,40);
INSERT INTO artist_albums VALUES(26,41);
INSERT INTO artist_albums VALUES(26,42);
INSERT INTO artist_albums VALUES(26,43);
INSERT INTO artist_albums VALUES(26,44);
INSERT INTO artist_albums VALUES(26,45);
INSERT INTO artist_albums VALUES(26,46);
INSERT INTO artist_albums VALUES(26,47);
INSERT INTO artist_albums VALUES(26,48);
INSERT INTO artist_albums VALUES(26,49);
INSERT INTO artist_albums VALUES(27,50);
INSERT INTO artist_albums VALUES(28,51);
INSERT INTO artist_albums VALUES(28,52);
INSERT INTO artist_albums VALUES(28,53);
INSERT INTO artist_albums VALUES(29,54);
INSERT INTO artist_albums VALUES(30,55);
INSERT INTO artist_albums VALUES(31,56);
INSERT INTO artist_albums VALUES(31,57);
INSERT INTO artist_albums VALUES(32,58);
INSERT INTO artist_albums VALUES(32,59);
INSERT INTO artist_albums VALUES(32,60);
INSERT INTO artist_albums VALUES(32,61);
INSERT INTO artist_albums VALUES(32,62);
INSERT INTO artist_albums VALUES(32,63);
INSERT INTO artist_albums VALUES(32,64);
INSERT INTO artist_albums VALUES(32,65);
INSERT INTO artist_albums VALUES(32,66);
INSERT INTO artist_albums VALUES(33,67);
INSERT INTO artist_albums VALUES(34,68);
INSERT INTO artist_albums VALUES(35,69);
INSERT INTO artist_albums VALUES(36,70);
INSERT INTO artist_albums VALUES(36,71);
INSERT INTO artist_albums VALUES(36,72);
INSERT INTO artist_albums VALUES(36,73);
INSERT INTO artist_albums VALUES(36,74);
INSERT INTO artist_albums VALUES(37,75);
INSERT INTO artist_albums VALUES(38,76);
INSERT INTO artist_albums VALUES(39,77);
INSERT INTO artist_albums VALUES(39,78);
INSERT INTO artist_albums VALUES(40,79);
INSERT INTO artist_albums VALUES(41,80);
INSERT INTO artist_albums VALUES(42,81);
INSERT INTO artist_albums VALUES(43,82);
INSERT INTO artist_albums VALUES(43,83);
INSERT INTO artist_albums VALUES(44,84);
INSERT INTO artist_albums VALUES(45,85);
INSERT INTO artist_albums VALUES(46,86);
INSERT INTO artist_albums VALUES(47,87);
INSERT INTO artist_albums VALUES(48,88);
INSERT INTO artist_albums VALUES(48,89);
INSERT INTO artist_albums VALUES(49,90);
INSERT INTO artist_albums VALUES(50,91);
INSERT INTO artist_albums VALUES(50,92);
INSERT INTO artist_albums VALUES(51,93);
INSERT INTO artist_albums VALUES(52,94);
INSERT INTO artist_albums VALUES(52,95);
INSERT INTO artist_albums VALUES(53,96);
INSERT INTO artist_albums VALUES(54,97);
INSERT INTO artist_albums VALUES(55,98);
INSERT INTO artist_albums VALUES(55,99);
INSERT INTO artist_albums VALUES(56,100);
INSERT INTO artist_albums VALUES(57,101);
INSERT INTO artist_albums VALUES(58,102);
INSERT INTO artist_albums VALUES(58,103);
INSERT INTO artist_albums VALUES(58,104);
INSERT INTO artist_albums VALUES(58,105);
INSERT INTO artist_albums VALUES(59,106);
INSERT INTO artist_albums VALUES(60,107);
INSERT INTO artist_albums VALUES(60,108);
CREATE TABLE employee (
    start_date DATETIME NOT NULL,
    salary REAL NOT NULL,
    position VARCHAR(155),
    card_number REFERENCES person(card_number) PRIMARY KEY
);
INSERT INTO employee VALUES('2017-10-29 12:55:42',51055.999999999999998,'librarian','18108a24-4eac-498d-a2d3-4dc4cccf405a');
INSERT INTO employee VALUES('2017-08-11 01:53:32',46736.999999999999997,'librarian','01058b26-0495-437b-acdf-85fbe51e962f');
INSERT INTO employee VALUES('2018-03-12 00:48:47',62565.000000000000001,'janitor','6fe2aea2-390b-45d7-9b52-dcba064bdf90');
INSERT INTO employee VALUES('2017-08-27 09:44:39',72995.000000000000001,'manager','dfe33b55-24ab-4644-83c6-610d7c7ef212');
INSERT INTO employee VALUES('2017-12-05 03:19:01',59542.0,'librarian','77171efa-b91e-4fd0-9c58-98c9aca06b13');
INSERT INTO employee VALUES('2018-02-01 21:56:35',66604.999999999999998,'intern','7c8ebfa8-f08b-4c56-ac77-ef3879170404');
INSERT INTO employee VALUES('2017-07-29 06:53:26',72155.999999999999999,'librarian','a57fb489-4f93-40a4-bd12-b9a18ba66cfc');
INSERT INTO employee VALUES('2018-03-20 00:52:51',48436.0,'janitor','3c93058f-4c82-49b9-bb0e-f1c39c31176a');
INSERT INTO employee VALUES('2017-12-02 03:57:03',70389.000000000000001,'janitor','0a0a924b-a1e6-468a-8d65-e4f2447d02d9');
INSERT INTO employee VALUES('2018-02-19 17:07:34',54861.999999999999997,'librarian','e3766cee-df9c-4903-aee1-0b79a9be5b11');
INSERT INTO employee VALUES('2018-02-26 02:39:06',66044.000000000000001,'librarian','fc1e328e-8738-4195-9734-add11bbcec14');
INSERT INTO employee VALUES('2017-07-14 05:28:37',69488.999999999999999,'janitor','9911dcbc-de43-436d-ae55-42465fd23b8d');
INSERT INTO employee VALUES('2017-12-01 21:35:53',71472.000000000000001,'intern','1cc66d38-3b06-4c61-9181-2a43842d9462');
INSERT INTO employee VALUES('2018-02-27 17:09:04',50549.999999999999998,'manager','7b2c4d3d-434c-4be3-9ce5-ec59c56e143b');
INSERT INTO employee VALUES('2018-03-20 03:29:24',51586.0,'manager','148146f2-0fca-42f7-8223-f780bbd7ae29');
INSERT INTO employee VALUES('2018-01-13 05:03:56',49270.000000000000002,'librarian','242777f2-c486-4f7f-a582-fbac4064dc2c');
INSERT INTO employee VALUES('2018-01-29 00:09:51',59334.0,'janitor','f605a2db-6ee1-452e-a0a2-64dcdaf6c1bd');
INSERT INTO employee VALUES('2018-01-17 22:03:01',62004.999999999999998,'manager','53df1200-64a0-45a1-b008-f06532d7d87d');
INSERT INTO employee VALUES('2018-02-09 20:39:03',54691.0,'manager','3bea55d7-9e48-47fe-a978-6bd42c173fb4');
INSERT INTO employee VALUES('2018-02-22 08:40:55',61346.999999999999998,'manager','13c2e9b5-7bb2-41a6-b96e-9d28a1ab099c');
INSERT INTO employee VALUES('2018-01-05 05:06:17',60475.000000000000001,'intern','113d80b5-35e8-406a-99f9-1b79346de2c9');
CREATE TABLE feedback (
    feedback_id INTEGER PRIMARY KEY,
    description VARCHAR(500) NOT NULL,
    date DATETIME NOT NULL,
    category VARCHAR(155) NOT NULL,
    card_number REFERENCES person(card_number) -- can be anonymous
);
INSERT INTO feedback VALUES(1,replace('Ok among class too. Fund organization throughout too when. Media green certain line.\nWest value campaign personal address recent already. Meeting worker ball east leave or.','\n',char(10)),'2017-08-31 14:12:30','books','5bdb012a-f823-4c8b-83e8-60c36c61743b');
INSERT INTO feedback VALUES(2,replace('Heavy matter available career institution camera she scene. Pick father table term.\nMyself phone industry life leave fill travel. Even citizen middle order out remember.','\n',char(10)),'2018-03-16 16:28:53','facilities','acbb6237-ea05-4e35-9cf8-b5f29bdebba5');
INSERT INTO feedback VALUES(3,'He morning glass figure factor participant. Tend open according road provide seven offer establish. Current himself hope skill.','2017-10-23 13:09:15','staff','538f8725-4467-48c6-be5b-76b06f9ce228');
INSERT INTO feedback VALUES(4,'Training between wide situation civil week. Director strong paper education. See relationship parent school establish.','2017-10-12 23:56:47','music','f51c34dd-ee6b-4579-be71-ffbe02817bf1');
INSERT INTO feedback VALUES(5,replace('Drive goal compare. Rest discussion represent next large exist while three.\nToday inside represent plan hard. Over like white alone front eat wonder.','\n',char(10)),'2018-02-03 13:08:38','books','14f97842-e610-4a7d-99c1-efd727ea2b7b');
INSERT INTO feedback VALUES(6,'Whom yes admit we individual great she where. Race work mean decide career fight thought. But something front father risk.','2018-01-26 23:12:23','facilities','e2385af0-f19a-4f6c-846d-a1d52e48ecac');
INSERT INTO feedback VALUES(7,'Others hot now policy structure government everyone. Already task six nation hold. Charge across culture president every leader open.','2018-03-13 01:02:55','staff','fde0f738-89e5-4a45-bbe0-4acef21c9596');
INSERT INTO feedback VALUES(8,'Easy white east reach believe. Management onto citizen box carry.','2018-02-19 17:41:27','staff','a07a511d-f6df-45ea-8c85-16c16a124ccc');
INSERT INTO feedback VALUES(9,replace('Page season say read. Newspaper many try everybody. Idea seven reality positive understand way.\nAlthough tonight industry chance home community. Fill care after first letter leave.','\n',char(10)),'2017-08-12 06:25:45','facilities','297178d1-1909-4c94-bcc8-6df4790dfeb4');
INSERT INTO feedback VALUES(10,'Friend few will put. Seem expect hundred under year onto particularly.','2018-03-18 04:45:56','music','2e2ebe74-6673-4276-971f-26e68248a01b');
INSERT INTO feedback VALUES(11,replace('Raise teacher conference. Section back everybody nothing power someone body.\nArt time coach.\nGroup view development property hot human. Others particular challenge even simply contain.','\n',char(10)),'2018-03-04 01:43:02','staff','3347db54-b16e-47fb-bbe1-2d75fccaa614');
INSERT INTO feedback VALUES(12,replace('Recently finally much political charge family. Kitchen raise fill economic.\nDeep financial employee. Drive move even rest.','\n',char(10)),'2017-09-15 21:27:14','music','dc108b34-fa2b-4a4a-b5f4-6481b890f0c3');
INSERT INTO feedback VALUES(13,replace('Article wish especially. Similar these state available glass.\nProvide effort rate commercial central you.\nResource current knowledge cultural court management. Answer approach product.','\n',char(10)),'2018-02-18 08:45:12','music','ca4069ab-5936-4564-a2cf-8c74495bfd3a');
INSERT INTO feedback VALUES(14,'Camera pay law film behavior camera. Bad choose analysis small address participant. Another actually through identify never.','2018-02-26 13:10:30','facilities','fb352f96-aa70-4b4a-89cd-c294c35b0adf');
INSERT INTO feedback VALUES(15,replace('Prepare language especially education term. Sit sign describe nature hair field.\nGarden miss season occur. Everyone industry statement process choice.','\n',char(10)),'2018-03-14 10:03:51','music','ae3f6795-29ae-4a00-8af5-625d4d1572da');
INSERT INTO feedback VALUES(16,'Increase until play training capital. Sound tough idea message between should side. Seven contain manage. Plant add try usually hot.','2017-12-23 03:45:09','facilities','2b856e48-2cfa-47b5-b22e-95880f85e80d');
INSERT INTO feedback VALUES(17,replace('Local cost through either leg eat represent until. Light team region until bar improve source.\nSeem offer see oil.\nLeast ready page job wrong. School picture I.','\n',char(10)),'2018-01-29 17:30:14','books','f3b533e4-4781-4068-9a95-c12dfeefd9a0');
INSERT INTO feedback VALUES(18,replace('Development get help style. Such place foot.\nThrow charge some wait us prevent part necessary. Identify edge toward dinner window control man manage. Toward miss policy subject improve.','\n',char(10)),'2017-06-18 14:54:57','music','bc3f96b7-50f6-4c95-8f0f-3a4669eaa520');
INSERT INTO feedback VALUES(19,replace('Avoid east expert ability. Close take recently.\nWord middle student knowledge civil any this.\nSure reason visit alone she feel memory.\nRule a field city community later. Draw country who.','\n',char(10)),'2018-01-07 03:16:52','books','986e8888-b3a6-4758-ab12-d3d5884dd96d');
INSERT INTO feedback VALUES(20,replace('Need him group international total see. Past tax often under bit.\nWeek time thousand item usually space himself. Poor international experience ok nature yeah.','\n',char(10)),'2018-01-06 14:14:11','facilities','3b3068ad-026e-496c-a64e-0b2531d47f90');
CREATE TABLE review (
    review_id INTEGER PRIMARY KEY,
    stars SMALLINT NOT NULL,
    title VARCHAR(155), -- doesn't require a title
    description VARCHAR(500), -- doesn't require a description
    album_id REFERENCES album(album_id) NOT NULL,
    card_number REFERENCES person(card_number) -- can be anonymous
);
INSERT INTO review VALUES(1,0,replace('Outside hard discuss subject wind dark simply. Market big specific enter upon left sea.\nWatch that everyone mouth wrong. Play community agent particularly e','\n',char(10)),replace('Marriage minute again rather nice design unit. Area would scientist focus.\nFrom best experience our paper quite value. Sea yourself cause environmental account he.','\n',char(10)),57,'284388ff-f6d6-417e-b8de-be17cd8c909c');
INSERT INTO review VALUES(2,2,'Our know almost measure nearly fall. Admit offer partner yourself. Finish financial big call station leave less.',replace('Current market approach guy once.\nOnce well evidence information piece environmental building. Rise base available wear and although. Treat according word. Want bar personal standard picture rich.','\n',char(10)),108,'db9b0000-4c45-4a7a-bb9d-01e243ce8c5a');
INSERT INTO review VALUES(3,4,replace('Keep bit record green. Add glass fast board. Glass might body large least step travel stock.\nTonight tree tell test.','\n',char(10)),replace('Lose around possible.\nMiddle American rich represent collection article such.\nHappy son arrive win green enter indeed. Risk glass hear lay.\nSometimes window mission consider sell general to.','\n',char(10)),6,'33916366-8829-4d9d-9879-fe2a9f7040ce');
INSERT INTO review VALUES(4,3,replace('Book factor surface method rule garden safe matter. Nice billion try you whose. Trial born sea technology painting financial out.\nStrategy again popular or ','\n',char(10)),replace('Either administration her role save. Mrs sea word ago.\nNone brother environmental take. Wall end happen size win crime. Role win whatever hold project.','\n',char(10)),74,'06a4979e-53b4-4c1f-9499-bda32248293c');
INSERT INTO review VALUES(5,2,replace('Door nearly child career American general stage deep. Build doctor better picture daughter.\nSize onto everybody foot million at mouth. Visit reduce standard','\n',char(10)),replace('Some area receive station. Short send rest. Finally care most important hold meet where.\nSimilar note agreement such.\nBlue answer office work class friend.','\n',char(10)),82,'d48a037a-d4fa-40d0-a2d3-b8a4768494b3');
INSERT INTO review VALUES(6,2,replace('Experience subject painting poor. Performance dark wind behind risk democratic. Must animal role section foot boy.\nPrice likely trouble sure film cover. Hea','\n',char(10)),'Line lay democratic force we door take. Nation even future bed without tell source. Network run government bag capital wife. Sit recently fall week employee.',95,'b405bc10-b3f8-40c7-a5a1-b9b6b48e5cea');
INSERT INTO review VALUES(7,1,replace('Teach else today increase. Well positive protect capital. Former against your change lose.\nReally last mind. Toward decision well later. Data fly reduce rea','\n',char(10)),replace('Policy style first. Maintain might most already leg most.\nSimply way city rest hope. Lawyer bag nor similar page so land. Happy black mind minute.\nCost view everything involve despite history.','\n',char(10)),17,'4f949d6e-9403-4aba-b72a-5b7bc40c9fec');
INSERT INTO review VALUES(8,3,replace('Though around strong less age foot about. Official factor people party tonight.\nAudience place realize. Building foot perform fish firm.','\n',char(10)),replace('Why cause five different herself customer. Stand can deal team.\nHow out question interview hotel. Land all position economy specific chance culture section.','\n',char(10)),102,'fe92cbe1-3048-4317-bbe4-64d80489a36a');
INSERT INTO review VALUES(9,5,replace('Nearly away second huge. Continue together few owner war bad he. Lot worker red me.\nAmong water hot set citizen provide budget. No another nation investment','\n',char(10)),'Director the new child leader performance word. Election soon election which threat director with analysis. Its relationship choose.',73,'bda1d6fe-8f5a-42dc-b1da-559109f46fea');
INSERT INTO review VALUES(10,5,'Vote personal magazine name Congress five. Really speech gas especially analysis no service.',replace('With why century herself rather son service. Spring law without call television.\nThing example technology foreign popular result. Blood fight people help method.','\n',char(10)),56,'db2b56a2-acf2-4736-92d8-0495168adea1');
INSERT INTO review VALUES(11,4,replace('Likely before lawyer fire heavy three Mrs. Identify perhaps too artist drug by. Artist operation college all pull upon.\nCitizen night consumer its. A also e','\n',char(10)),replace('Material dinner assume will education role tend. Article there travel. Real speech read hit shoulder public poor mouth.\nWife think hair again oil. Will feeling suggest better class.','\n',char(10)),68,'36fcd2ea-3c28-4e3e-9381-aca6e4ccbfd1');
INSERT INTO review VALUES(12,0,'Visit attack national benefit. Student Republican future section occur. Foot although first involve pick.',replace('Detail admit fine book value. That hope know establish scene. Seven why check.\nOnto carry modern play term heavy affect claim. Beyond speech soldier place understand.','\n',char(10)),1,'d3bd202f-ac01-45d8-b01c-cf8c8dff167c');
INSERT INTO review VALUES(13,5,'However term treatment type idea. Area use color message plan money. Black very include there window answer our.',replace('Yes or attention benefit be sense. Education suddenly almost meeting top plan measure. Assume front car whatever chair medical past.\nTime lead mouth executive alone heavy memory.','\n',char(10)),103,'43c836a8-7912-4c00-844a-7d7c52d8b413');
INSERT INTO review VALUES(14,4,replace('Total eat movie find blue give learn. Same seat daughter ask. Medical base management movement glass.\nBit dark company feel personal official eye mouth. Pos','\n',char(10)),replace('Back explain teacher across. Discuss candidate series language rich he.\nTwo follow challenge. Myself name middle reach crime executive.','\n',char(10)),55,'e636d0b8-d433-4a75-affb-4d36bdc2a890');
INSERT INTO review VALUES(15,4,replace('Yourself they perform key decide. Outside give well evening somebody hotel. Should research up shake join history.\nExecutive as by again true manager. Mr sp','\n',char(10)),replace('Push interest authority truth.\nOption opportunity responsibility involve.\nParent agent feeling look several. Myself result shoulder force hour big. Inside rock until collection.','\n',char(10)),86,'1b9d1c2e-be6d-48bc-8483-c8df7a6c4a2e');
INSERT INTO review VALUES(16,4,replace('Three dog pull once. Some whatever personal experience. Difference likely better poor.\nCamera baby find the. List before matter important reduce no old.','\n',char(10)),'Charge if attention should administration bill. Standard very picture find yard collection special boy. Myself course board production animal decide.',56,'63ef010a-3b87-483d-ac6f-ffacd11f6225');
INSERT INTO review VALUES(17,0,replace('Policy movie military. Put despite writer meeting painting treat. Base finally suddenly north consumer scene specific.\nFoot by take management report. Score','\n',char(10)),replace('Beyond sound current article class want stop agent.\nFull total image these no perhaps president. Lead month worker cut company. Memory certainly us fish set of student view.','\n',char(10)),52,'85b56adb-bc15-44c0-a9a6-974a46eaff51');
INSERT INTO review VALUES(18,2,'Break computer season choose box Democrat. Improve authority any month player pretty. Time start number stage.',replace('Husband send once fear popular certain day. Author war long music billion know ask.\nStill fear after computer personal. Admit power mention.','\n',char(10)),59,'13885fa8-fada-460e-8c88-c708a5052070');
INSERT INTO review VALUES(19,3,replace('Car approach eye eight part.\nBe who senior go similar down phone. Energy seven college. Common data stuff help.','\n',char(10)),replace('Rise certain join yourself career seven among investment. Performance allow option citizen. Player wrong character child food.\nSame space senior. Especially house art hundred company.','\n',char(10)),92,'16660d26-fedc-45d9-9b5f-ea980bd050da');
INSERT INTO review VALUES(20,3,replace('Word foot worry raise. Provide air occur effect although.\nThing play senior safe. Service factor far economy per story.','\n',char(10)),replace('Enough fight follow woman. Important people unit maybe want able anything drive.\nSoldier receive consumer. Measure remain stuff maintain tell process. Collection director oil try series score.','\n',char(10)),19,'6942deb1-4fb2-4129-a9b1-542849d03a45');
CREATE VIEW checkout_info (
   album_title,
   genre,
   num_checkouts
) AS
   SELECT album_title,
          genre,
          COUNT(*) AS num_checkouts
      FROM checkout c
         JOIN media m ON c.media_id = m.media_id
         JOIN album a ON m.album_id = a.album_id
      GROUP BY album_title;
CREATE VIEW review_info (
   genre,
   avg_reviews
) AS
   SELECT album_title, AVG(stars)
      FROM review r
         JOIN album a ON a.album_id = r.album_id
      GROUP BY album_title;
COMMIT;
